"CAVS_CODE","CAAB_CODE","NAMES_VARIOUS","SCIENTIFIC_NAME","FAMILY","GENUS","SUBGENUS","SPECIES","SUBSPECIES","NAME_TYPE","NAME_SUBTYPE","RANK","QUALIFICATION","AUTHOR","YEAR","ORIG_COMBINATION","NAME_GUID","NAME_LAST_UPDATE","TAXON_GUID","TAXON_LAST_UPDATE","PARENT_TAXON_GUID","CONCEPT_GUID","PUB_PUB_AUTHOR","PUB_PUB_YEAR","PUB_PUB_TITLE","PUB_PUB_PAGES","PUB_PUB_PARENT_BOOK_TITLE","PUB_PUB_PARENT_JOURNAL_TITLE","PUB_PUB_PARENT_ARTICLE_TITLE","PUB_PUB_PUBLICATION_DATE","PUB_PUB_PUBLISHER","PUB_PUB_FORMATTED","PUB_PUB_QUALIFICATION","PUB_PUB_TYPE","PUBLICATION_GUID","PUBLICATION_LAST_UPDATE","PARENT_PUBLICATION_GUID"
"","37441024","solandri","Acanthocybium solandri (Cuvier, 1832)","SCOMBRIDAE","Acanthocybium","","solandri","","Valid Name","","Species","","Cuvier","1832","N","d479b17e-d307-4e87-b353-ebec942ab43d","20131008T23:07:52.756+0000","f87aac26-a3ee-4e16-a9f7-e0426bb94f1f","20131008T23:07:52.756+0000","5110559f-ef6f-4937-95a5-b03e2f548aba","f87aac26-a3ee-4e16-a9f7-e0426bb94f1f","","","","","","","","","","","","","","",""
"","37081004","affinis","Aldrovandia affinis (Günther, 1877)","HALOSAURIDAE","Aldrovandia","","affinis","","Valid Name","","Species","","Günther","1877","N","58bbd53b-7237-4069-8c85-13b00d3e64af","20180817T06:14:26.561+0000","552326a0-95a1-439b-b53f-943a3db80904","20190305T04:57:36.559+0000","3e51c5bd-5016-4f5a-a713-c6d2c20de100","552326a0-95a1-439b-b53f-943a3db80904","","","","","","","","","","","","","","",""
"","37081005","phalacra","Aldrovandia phalacra (Vaillant, 1888)","HALOSAURIDAE","Aldrovandia","","phalacra","","Valid Name","","Species","","Vaillant","1888","N","253c6578-4707-4a3c-a69c-c99661bd4e47","20180802T07:37:39.659+0000","8d85b3ba-1bf3-4b56-a386-e0853536273a","20190305T04:57:36.559+0000","3e51c5bd-5016-4f5a-a713-c6d2c20de100","8d85b3ba-1bf3-4b56-a386-e0853536273a","","","","","","","","","","","","","","",""
"","37012002","superciliosus","Alopias superciliosus Lowe, 1841","ALOPIIDAE","Alopias","","superciliosus","","Valid Name","","Species","","Lowe","1841","Y","2e134528-d77f-477a-8b99-3661d9f6d03c","20140313T03:41:28.159+0000","53b1e2bc-856f-4b0d-8131-9a8cbe0a3ed5","20150715T22:47:32.147+0000","4ffdec34-5d8b-4e65-9d18-3416f3aca91c","53b1e2bc-856f-4b0d-8131-9a8cbe0a3ed5","","","","","","","","","","","","","","",""
"","37257001","cornuta","Anoplogaster cornuta (Valenciennes, 1833)","ANOPLOGASTRIDAE","Anoplogaster","","cornuta","","Valid Name","","Species","","Valenciennes","1833","N","5a8678a2-1a3f-4874-98c6-07fbabef20fc","20160520T07:15:08.678+0000","732817fa-bd1e-4933-b86d-5256b5185c65","20160606T05:15:12.352+0000","8928ee4e-8dcb-482b-ab38-9e63bd753497","732817fa-bd1e-4933-b86d-5256b5185c65","","","","","","","","","","","","","","",""
"","37267001","rhomboidea","Antigonia rhomboidea McCulloch, 1915","CAPROIDAE","Antigonia","","rhomboidea","","Valid Name","","Species","","McCulloch","1915","Y","7332822c-e574-40eb-a67e-261be7128cac","20130204T07:03:13.361+0000","9aa896c8-369f-4759-86e7-eec4226e73b0","20140219T05:34:51.903+0000","14cc3984-cfb4-4eee-9a56-db70737299e9","9aa896c8-369f-4759-86e7-eec4226e73b0","","","","","","","","","","","","","","",""
"","37440010","capricornis","Aphanopus capricornis Parin, 1994","TRICHIURIDAE","Aphanopus","","capricornis","","Valid Name","","Species","","Parin","1994","Y","01e705fb-a0cf-48a1-b6b4-b4d2b870e0d6","20131008T23:07:52.756+0000","de71684a-8e6f-43b8-84f1-48e6d1d67402","20131008T23:07:52.756+0000","dcb74e21-5259-4a9e-9e38-bf1550778351","de71684a-8e6f-43b8-84f1-48e6d1d67402","","","","","","","","","","","","","","",""
"","37015020","australis","Apristurus australis Sato, Nakaya & Yorozu, 2008","SCYLIORHINIDAE","Apristurus","","australis","","Valid Name","","Species","","Sato, Nakaya & Yorozu","2008","Y","60997707-f75e-4548-b562-22b82e8db328","20140725T07:02:42.508+0000","bc535953-8360-49a4-9726-a400529ad8e8","20140725T07:02:42.508+0000","f4aaa359-8018-40aa-a9fd-615162870343","bc535953-8360-49a4-9726-a400529ad8e8","","","","","","","","","","","","","","",""
"","37015015","platyrhynchus","Apristurus platyrhynchus (Tanaka, 1909)","SCYLIORHINIDAE","Apristurus","","platyrhynchus","","Valid Name","","Species","","Tanaka","1909","N","ecdfad50-0335-4454-9e4d-4f0a11575de2","20110218T01:51:42.612+0000","c967c429-b308-4cbf-935d-d6a27e53a05a","20120416T05:24:25.862+0000","f4aaa359-8018-40aa-a9fd-615162870343","c967c429-b308-4cbf-935d-d6a27e53a05a","","","","","","","","","","","","","","",""
"","37107012","ephippiatus","Argyripnus ephippiatus Gilbert & Cramer, 1897","STERNOPTYCHIDAE","Argyripnus","","ephippiatus","","Valid Name","","Species","","Gilbert & Cramer","1897","Y","b36eb576-08b4-4997-9ccb-3b7ea74126b3","20081009T05:11:37.000+0000","44780edf-3cf5-4c9a-a469-fde43ef2bcc6","20140219T00:07:36.817+0000","20911fac-9f95-474a-b349-bc466288395e","44780edf-3cf5-4c9a-a469-fde43ef2bcc6","","","","","","","","","","","","","","",""
"","37107001","aculeatus","Argyropelecus aculeatus Valenciennes, 1849","STERNOPTYCHIDAE","Argyropelecus","","aculeatus","","Valid Name","","Species","","Valenciennes","1849","Y","7b60bc6a-45a1-44de-8370-ce7abd45fa72","20081009T05:11:37.000+0000","f45da499-6eb1-4db2-abcb-08e9b9773336","20100727T00:03:17.157+0000","2e69433c-e89c-4e57-915f-87f5026a2d55","f45da499-6eb1-4db2-abcb-08e9b9773336","","","","","","","","","","","","","","",""
"","37107013","sladeni","Argyropelecus sladeni Regan, 1908","STERNOPTYCHIDAE","Argyropelecus","","sladeni","","Valid Name","","Species","","Regan","1908","Y","92113012-efef-48ad-b31a-c8f34469931d","20081009T05:11:37.000+0000","e4e786d5-b383-4810-9ac4-c53434e0f013","20180313T00:53:05.345+0000","2e69433c-e89c-4e57-915f-87f5026a2d55","e4e786d5-b383-4810-9ac4-c53434e0f013","","","","","","","","","","","","","","",""
"","37067038","howensis","Ariosoma howensis (McCulloch & Waite, 1916)","CONGRIDAE","Ariosoma","","howensis","","Valid Name","","Species","","McCulloch & Waite","1916","N","26d951c6-ce58-4ff2-9cac-4d6986bf123e","20180731T13:32:39.594+0000","7a4f32be-9c2f-4d5c-bd38-a2e301460b87","20190305T04:57:36.559+0000","673f2749-35b5-4b29-9bb4-f46b5e86836d","7a4f32be-9c2f-4d5c-bd38-a2e301460b87","","","","","","","","","","","","","","",""
"","37108015","ijimai","Astronesthes ijimai Tanaka, 1908","STOMIIDAE","Astronesthes","","ijimai","","Valid Name","","Species","","Tanaka","1908","Y","603e7dbe-d9d8-4e99-b42d-9b7dbe1a4ce1","20081009T05:11:37.000+0000","724e6cc1-2869-4167-b369-7fa8810e1401","20100727T00:03:17.157+0000","f0357aca-b57d-4128-bd13-79f124443f09","724e6cc1-2869-4167-b369-7fa8810e1401","","","","","","","","","","","","","","",""
"","37108020","splendidus","Astronesthes splendidus Brauer, 1902","STOMIIDAE","Astronesthes","","splendidus","","Valid Name","","Species","","Brauer","1902","Y","c46f6318-c804-4ef5-b6de-0324b9d0c41c","20081009T05:11:37.000+0000","ce0e13fc-8fb9-4d68-b50c-05f81c2f58f9","20100727T00:03:17.157+0000","f0357aca-b57d-4128-bd13-79f124443f09","ce0e13fc-8fb9-4d68-b50c-05f81c2f58f9","","","","","","","","","","","","","","",""
"","37015025","pallidus","Asymbolus pallidus Last, Gomon & Gledhill, 1999","SCYLIORHINIDAE","Asymbolus","","pallidus","","Valid Name","","Species","","Last, Gomon & Gledhill","1999","Y","31149609-b963-4c7f-bb1f-1f64dad75d33","20110218T01:51:42.612+0000","171e66b1-029a-443c-af89-2f3a92e9e864","20120416T05:24:25.862+0000","a14d1f56-0441-48db-884a-0b95e7fa6a76","171e66b1-029a-443c-af89-2f3a92e9e864","","","","","","","","","","","","","","",""
"","37136001","japonicus","Ateleopus japonicus Bleeker, 1853","ATELEOPODIDAE","Ateleopus","","japonicus","","Valid Name","","Species","","Bleeker","1853","Y","a93925ab-f978-4a18-8898-cd5925a18cc2","20110422T12:31:10.502+0000","ea8d3cc1-fbc9-4c1f-8b96-250723b24fe0","20140219T05:50:25.669+0000","03598f5f-feb9-4513-831d-4399f5b17654","ea8d3cc1-fbc9-4c1f-8b96-250723b24fe0","","","","","","","","","","","","","","",""
"","37441027","rochei","Auxis rochei (Risso, 1810)","SCOMBRIDAE","Auxis","","rochei","","Valid Name","","Species","","Risso","1810","N","cb041fe3-9ee1-4c19-865f-f253ff190272","20131008T23:07:52.756+0000","1e725ffb-3288-48b6-be54-a23a98aada15","20131008T23:07:52.756+0000","9c8a0e53-7499-48df-a837-7f3a382877ab","1e725ffb-3288-48b6-be54-a23a98aada15","","","","","","","","","","","","","","",""
"","37441009","thazard","Auxis thazard (Lacépède, 1800)","SCOMBRIDAE","Auxis","","thazard","","Valid Name","","Species","","Lacépède","1800","N","9b6ad50c-101b-4355-80ee-e1c585850eea","20131008T23:07:52.756+0000","efcc811c-93c0-447e-9b8c-425cf152bff2","20131008T23:07:52.756+0000","9c8a0e53-7499-48df-a837-7f3a382877ab","efcc811c-93c0-447e-9b8c-425cf152bff2","","","","","","","","","","","","","","",""
"","37109001","abarbatus","Bathophilus abarbatus Barnett & Gibbs, 1968","STOMIIDAE","Bathophilus","","abarbatus","","Valid Name","","Species","","Barnett & Gibbs","1968","Y","2e794092-f115-4042-a156-571764a1526c","20081009T05:11:37.000+0000","a3da2d15-7998-40ed-9ff4-6bf92dd7ded6","20100727T00:03:17.157+0000","882eb693-1fa9-4b0f-85db-1a8450985e02","a3da2d15-7998-40ed-9ff4-6bf92dd7ded6","","","","","","","","","","","","","","",""
"","37109003","longipinnis","Bathophilus longipinnis (Pappenheim, 1914)","STOMIIDAE","Bathophilus","","longipinnis","","Valid Name","","Species","","Pappenheim","1914","N","83d00ce1-5d98-4028-900a-6f6a4e5d55c4","20081009T05:11:37.000+0000","76cfe38f-f08b-4ec3-b5bc-7e2c1dbfd9b3","20100727T00:03:17.157+0000","882eb693-1fa9-4b0f-85db-1a8450985e02","76cfe38f-f08b-4ec3-b5bc-7e2c1dbfd9b3","","","","","","","","","","","","","","",""
"","37067022","guttulatus","Bathycongrus guttulatus (Günther, 1887)","CONGRIDAE","Bathycongrus","","guttulatus","","Valid Name","","Species","","Günther","1887","N","fb3235c3-d0aa-480d-9f62-bef2c7194c8e","20180801T10:18:23.584+0000","67157c81-0183-492e-a719-4fc24354f108","20190305T04:57:36.559+0000","50b5b1c3-31d4-4882-912b-2a34e96694da","67157c81-0183-492e-a719-4fc24354f108","","","","","","","","","","","","","","",""
"","37122078","fibulatum","Benthosema fibulatum (Gilbert & Cramer, 1897)","MYCTOPHIDAE","Benthosema","","fibulatum","","Valid Name","","Species","","Gilbert & Cramer","1897","N","b319ce0b-f3af-4e78-9b86-3c2ae752b880","20081009T05:11:37.000+0000","46252f30-6e7e-4e40-bdc1-368d61481be3","20110729T03:01:32.869+0000","9fbb91a1-f136-464a-b161-ad432234e290","46252f30-6e7e-4e40-bdc1-368d61481be3","","","","","","","","","","","","","","",""
"","37258001","decadactylus","Beryx decadactylus Cuvier, 1829","BERYCIDAE","Beryx","","decadactylus","","Valid Name","","Species","","Cuvier","1829","Y","46e8e99a-9451-465f-b40e-5e9e496d2098","20151208T07:43:09.391+0000","067f60b1-88bb-4dae-8cf9-32ca7b5d39da","20160606T05:15:12.352+0000","3cf79e24-6239-4970-8197-154662b0750a","067f60b1-88bb-4dae-8cf9-32ca7b5d39da","","","","","","","","","","","","","","",""
"","37258002","splendens","Beryx splendens Lowe, 1833","BERYCIDAE","Beryx","","splendens","","Valid Name","","Species","","Lowe","1833","Y","79e2eca9-3517-4c45-a76c-8ce253321dc1","20160518T04:36:31.482+0000","06645750-e545-47b4-a7cf-17c5aa48871d","20160606T05:15:12.352+0000","3cf79e24-6239-4970-8197-154662b0750a","06645750-e545-47b4-a7cf-17c5aa48871d","","","","","","","","","","","","","","",""
"","37384062","flavifrons","Bodianus flavifrons Gomon, 2001","LABRIDAE","Bodianus","","flavifrons","","Valid Name","","Species","","Gomon","2001","Y","53461476-9fb8-462f-9f65-d42ca259fa4e","20170603T08:47:34.892+0000","f473936e-81bf-463e-8d2f-0be03083fa7a","20170727T04:09:21.978+0000","31952d61-cc52-481b-a865-186ff93c0882","f473936e-81bf-463e-8d2f-0be03083fa7a","","","","","","","","","","","","","","",""
"","37122025","longipes","Bolinichthys longipes (Brauer, 1906)","MYCTOPHIDAE","Bolinichthys","","longipes","","Valid Name","","Species","","Brauer","1906","N","50ec7bb4-6ba0-438a-a1c8-af5f73661da1","20081009T05:11:37.000+0000","94585eab-d21b-48f8-91d7-8c2090603e9a","20100727T00:07:22.682+0000","2ff48c1f-24e4-4828-9222-7144451fcd1b","94585eab-d21b-48f8-91d7-8c2090603e9a","","","","","","","","","","","","","","",""
"","37460047","mancus","Bothus mancus (Broussonet, 1782)","BOTHIDAE","Bothus","","mancus","","Valid Name","","Species","","Broussonet","1782","N","023caf72-2e8d-4c96-9b0d-ed6e034d0d6e","20150610T07:41:44.739+0000","b0aa59b0-a479-407b-a2f6-20164f006b3e","20150707T22:49:59.218+0000","fcc192fd-dabe-49b1-82ae-57826bef737d","b0aa59b0-a479-407b-a2f6-20164f006b3e","","","","","","","","","","","","","","",""
"","37342011","dussumieri","Brama dussumieri Cuvier, 1831","BRAMIDAE","Brama","","dussumieri","","Valid Name","","Species","","Cuvier","1831","Y","7450e2ad-9bcf-4698-abc2-bdd608d7b2de","20131008T23:07:52.756+0000","9e5a9b87-40d2-49cd-87b9-2e7b1c7cad9b","20131008T23:07:52.756+0000","1afc04d9-b6e3-470a-80fb-dcb843d7b2f0","9e5a9b87-40d2-49cd-87b9-2e7b1c7cad9b","","","","","","","","","","","","","","",""
"","37342012","myersi","Brama myersi Mead, 1972","BRAMIDAE","Brama","","myersi","","Valid Name","","Species","","Mead","1972","Y","f2d20283-14df-4244-80fb-789698a8af1a","20131015T00:35:15.844+0000","efff04c8-5a7d-4283-94f6-dc40fc016b57","20131015T00:35:15.844+0000","1afc04d9-b6e3-470a-80fb-dcb843d7b2f0","efff04c8-5a7d-4283-94f6-dc40fc016b57","","","","","","","","","","","","","","",""
"","37342004","orcini","Brama orcini Cuvier, 1831","BRAMIDAE","Brama","","orcini","","Valid Name","","Species","","Cuvier","1831","Y","10089237-15bc-44c3-a966-7fde38755fd5","20131008T23:07:52.756+0000","2f722b78-cc10-41b0-ba38-c7da40244f7b","20131008T23:07:52.756+0000","1afc04d9-b6e3-470a-80fb-dcb843d7b2f0","2f722b78-cc10-41b0-ba38-c7da40244f7b","","","","","","","","","","","","","","",""
"","37342009","pauciradiata","Brama pauciradiata Moteki, Fujita & Last, 1995","BRAMIDAE","Brama","","pauciradiata","","Valid Name","","Species","","Moteki, Fujita & Last","1995","Y","eba692bf-83f3-47dd-b025-bd7eeb2585b0","20131008T23:07:52.756+0000","0933b627-22dc-4b26-a047-4b1e35926991","20131015T00:35:15.844+0000","1afc04d9-b6e3-470a-80fb-dcb843d7b2f0","0933b627-22dc-4b26-a047-4b1e35926991","","","","","","","","","","","","","","",""
"","37018008","falciformis","Carcharhinus falciformis (Müller & Henle, 1839)","CARCHARHINIDAE","Carcharhinus","","falciformis","","Valid Name","","Species","","Müller & Henle","1839","N","88957c9f-45e3-42ec-a037-d1f212a027a2","20140313T03:41:28.159+0000","e7e98bc4-776c-45ec-970e-9b688908e9a1","20140313T03:41:28.159+0000","f8363497-74a7-4c38-801b-c342a151f3a6","e7e98bc4-776c-45ec-970e-9b688908e9a1","","","","","","","","","","","","","","",""
"","37018003","obscurus","Carcharhinus obscurus (Lesueur, 1818)","CARCHARHINIDAE","Carcharhinus","","obscurus","","Valid Name","","Species","","Lesueur","1818","N","4daa1395-5ce0-44de-ac13-ac830596cd18","20140313T03:41:28.159+0000","98c33d5e-a888-4e3d-99fe-31e0d8d9bae5","20160630T06:08:44.950+0000","f8363497-74a7-4c38-801b-c342a151f3a6","98c33d5e-a888-4e3d-99fe-31e0d8d9bae5","","","","","","","","","","","","","","",""
"","37122081","andreae","Centrobranchus andreae (Lütken, 1892)","MYCTOPHIDAE","Centrobranchus","","andreae","","Valid Name","","Species","","Lütken","1892","N","923906c4-2413-43d7-b36e-b470069a46af","20081009T05:11:37.000+0000","1ca44c7f-7d4a-46ae-9396-edb09f2330a2","20100727T00:07:22.682+0000","0faf6778-8e41-4092-868b-bb82245e224e","1ca44c7f-7d4a-46ae-9396-edb09f2330a2","","","","","","","","","","","","","","",""
"","37122029","nigroocellatus","Centrobranchus nigroocellatus (Günther, 1873)","MYCTOPHIDAE","Centrobranchus","","nigroocellatus","","Valid Name","","Species","","Günther","1873","N","13b0cc7e-07a6-497b-bbbe-4ad56af47f85","20081009T05:11:37.000+0000","7722efed-1a70-45dd-ba98-f74c01f6b0c7","20100727T00:07:22.682+0000","0faf6778-8e41-4092-868b-bb82245e224e","7722efed-1a70-45dd-ba98-f74c01f6b0c7","","","","","","","","","","","","","","",""
"","37020010","harrissoni","Centrophorus harrissoni McCulloch, 1915","CENTROPHORIDAE","Centrophorus","","harrissoni","","Valid Name","","Species","","McCulloch","1915","Y","2fcb9cbd-43c0-48c5-89c6-aef4f7c147c5","20140313T03:41:28.159+0000","875d23a7-fc90-4880-b623-e0c257b80e0b","20140313T03:41:28.159+0000","9f32f941-f61f-4af9-b94f-9f1b66bd2c94","875d23a7-fc90-4880-b623-e0c257b80e0b","","","","","","","","","","","","","","",""
"","37020001","moluccensis","Centrophorus moluccensis Bleeker, 1860","CENTROPHORIDAE","Centrophorus","","moluccensis","","Valid Name","","Species","","Bleeker","1860","Y","b970445d-9d0a-4672-acd4-3ed16cddb6ee","20140313T03:41:28.159+0000","78b6e610-227e-44a7-8c81-108ee16d70c1","20140313T03:41:28.159+0000","9f32f941-f61f-4af9-b94f-9f1b66bd2c94","78b6e610-227e-44a7-8c81-108ee16d70c1","","","","","","","","","","","","","","",""
"","37015039","signourum","Cephaloscyllium signourum Last, Séret & White, 2008","SCYLIORHINIDAE","Cephaloscyllium","","signourum","","Valid Name","","Species","","Last, Séret & White","2008","Y","3c5cac50-7fd2-4f7a-a77e-6018faab45f4","20120416T04:55:24.646+0000","fffeb30c-99bb-4621-accc-cfe0c75c19f9","20120416T05:24:25.862+0000","15b87b10-e05e-4632-b23b-ac33daad5b07","fffeb30c-99bb-4621-accc-cfe0c75c19f9","","","","","","","","","","","","","","",""
"","37122021","warmingii","Ceratoscopelus warmingii (Lütken, 1892)","MYCTOPHIDAE","Ceratoscopelus","","warmingii","","Valid Name","","Species","","Lütken","1892","N","6d2b9a97-8cef-411b-8121-0b59418602f4","20081009T05:11:37.000+0000","97880d11-7aeb-4afa-8eb7-6c6e58c74e7b","20100727T00:07:22.682+0000","68e22362-7943-42e3-bb26-bdeeb5a3d24a","97880d11-7aeb-4afa-8eb7-6c6e58c74e7b","","","","","","","","","","","","","","",""
"","37111001","sloani","Chauliodus sloani Bloch & Schneider, 1801","STOMIIDAE","Chauliodus","","sloani","","Valid Name","","Species","","Bloch & Schneider","1801","Y","2209740b-41b8-4c58-88ca-61895bfab52b","20081009T05:11:37.000+0000","a48dd410-bde2-42cd-9f38-2f5272e38625","20100727T00:03:17.157+0000","994a075e-35bd-4d45-8983-09bbc5552c21","a48dd410-bde2-42cd-9f38-2f5272e38625","","","","","","","","","","","","","","",""
"","37233007","abei","Cheilopogon abei Parin, 1996","EXOCOETIDAE","Cheilopogon","","abei","","Valid Name","","Species","","Parin","1996","Y","766dfad1-647b-458f-a96d-b7d2e4e3b996","20170620T08:06:11.104+0000","6feb1cb7-a2dc-492c-a823-b260daeddaef","20180329T02:08:16.158+0000","d9cdf119-6712-446b-8f92-3372c0a18659","6feb1cb7-a2dc-492c-a823-b260daeddaef","","","","","","","","","","","","","","",""
"","37233009","spilopterus","Cheilopogon spilopterus (Valenciennes, 1847)","EXOCOETIDAE","Cheilopogon","","spilopterus","","Valid Name","","Species","","Valenciennes","1847","N","1d5d886b-b585-45f9-9705-8868f0df56c3","20180312T08:47:24.589+0000","f0ebb4d3-b2da-48e9-941f-530b7d4e813c","20180329T02:08:16.158+0000","d9cdf119-6712-446b-8f92-3372c0a18659","f0ebb4d3-b2da-48e9-941f-530b7d4e813c","","","","","","","","","","","","","","",""
"","37372062","glauca","Chrysiptera glauca (Cuvier, 1830)","POMACENTRIDAE","Chrysiptera","","glauca","","Valid Name","","Species","","Cuvier","1830","N","1c18702b-9b52-4037-ab5d-38f5f5ccb8d5","20160218T04:49:47.996+0000","737d1e1e-b738-4f4e-bcef-cb0953666e22","20170727T04:09:21.978+0000","c130ea39-c1bf-4ac2-b5fd-2a2387f31832","737d1e1e-b738-4f4e-bcef-cb0953666e22","","","","","","","","","","","","","","",""
"","37384081","laboutei","Cirrhilabrus laboutei Randall & Lubbock, 1982","LABRIDAE","Cirrhilabrus","","laboutei","","Valid Name","","Species","","Randall & Lubbock","1982","Y","6f5463f6-55fa-47ee-99ee-f0d3e2fa419e","20170628T05:51:31.655+0000","87c1c12c-6d01-4139-8a27-446441628ee2","20170727T04:09:21.978+0000","57f3f09a-6439-45ba-aab1-d539d1e0bfa0","87c1c12c-6d01-4139-8a27-446441628ee2","","","","","","","","","","","","","","",""
"","37232123","sereti","Coelorinchus sereti Iwamoto & Merrett, 1997","MACROURIDAE","Coelorinchus","","sereti","","Valid Name","","Species","","Iwamoto & Merrett","1997","Y","ff087e50-6b63-4a46-8188-0ea64e91c681","20180509T06:43:19.730+0000","ed157e3a-9c45-486e-a385-0f01f01a5f4a","20180731T05:42:43.637+0000","3d0a43aa-29bc-4ece-b8b1-677ea69015bd","ed157e3a-9c45-486e-a385-0f01f01a5f4a","","","","","","","","","","","","","","",""
"","37232118","spathulatus","Coelorinchus spathulatus McMillan & Paulin, 1993","MACROURIDAE","Coelorinchus","","spathulatus","","Valid Name","","Species","","McMillan & Paulin","1993","Y","8448464b-a5b7-4edd-b28f-68f3c599ff14","20180411T22:50:16.904+0000","c3de4325-0306-4399-943d-152350bdde9a","20180731T05:42:43.637+0000","3d0a43aa-29bc-4ece-b8b1-677ea69015bd","c3de4325-0306-4399-943d-152350bdde9a","","","","","","","","","","","","","","",""
"","37067039","maldivensis","Congriscus maldivensis (Norman, 1939)","CONGRIDAE","Congriscus","","maldivensis","","Valid Name","","Species","","Norman","1939","N","b2dcf19b-ccf0-41bf-87c4-986af6a56945","20180803T09:54:09.715+0000","85e97df1-9c17-4b4e-9928-0d84c6713fb7","20190305T04:57:36.559+0000","6b1d4265-3dac-4561-923e-7338d074cb9a","85e97df1-9c17-4b4e-9928-0d84c6713fb7","","","","","","","","","","","","","","",""
"","37338002","equiselis","Coryphaena equiselis Linnaeus, 1758","CORYPHAENIDAE","Coryphaena","","equiselis","","Valid Name","","Species","","Linnaeus","1758","Y","99d3eb0f-ef7e-443d-825a-3fe759c63fa0","20121109T05:21:56.697+0000","2b4cdfac-dace-4924-9ea5-79b576e3954d","20121109T05:33:47.860+0000","1c2e17be-9e5f-41b3-b2ef-9c86812570f4","2b4cdfac-dace-4924-9ea5-79b576e3954d","","","","","","","","","","","","","","",""
"","37338001","hippurus","Coryphaena hippurus Linnaeus, 1758","CORYPHAENIDAE","Coryphaena","","hippurus","","Valid Name","","Species","","Linnaeus","1758","Y","7a0494b4-6f09-41ff-b283-7e00c1f443e9","20121109T05:24:00.924+0000","3ef4e91c-5d4b-455a-822e-8c42be47aafe","20121109T05:33:47.860+0000","1c2e17be-9e5f-41b3-b2ef-9c86812570f4","3ef4e91c-5d4b-455a-822e-8c42be47aafe","","","","","","","","","","","","","","",""
"","37232053","striaturus","Coryphaenoides striaturus Barnard, 1925","MACROURIDAE","Coryphaenoides","","striaturus","","Valid Name","","Species","","Barnard","1925","Y","8b1c44ae-bb2a-490b-8539-ed8700f866c2","20180509T06:47:30.305+0000","df606601-f14b-4e0b-84c7-b936f904baac","20180731T05:42:43.637+0000","793d0538-e104-490c-a75d-a226f934da87","df606601-f14b-4e0b-84c7-b936f904baac","","","","","","","","","","","","","","",""
"","37446006","baxteri","Cubiceps baxteri McCulloch, 1923","NOMEIDAE","Cubiceps","","baxteri","","Valid Name","","Species","","McCulloch","1923","Y","dbbe7e8e-d5aa-4096-b0e5-fa745978d381","20131008T23:07:52.756+0000","9e7d647b-45aa-45f0-b74c-38e5e613f791","20131008T23:07:52.756+0000","442288aa-c41f-4c67-92b8-83f07d000756","9e7d647b-45aa-45f0-b74c-38e5e613f791","","","","","","","","","","","","","","",""
"","37446017","capensis","Cubiceps capensis (Smith, 1847)","NOMEIDAE","Cubiceps","","capensis","","Valid Name","","Species","","Smith","1847","N","f79134e0-54e1-4fa7-9112-90e5ecaf3ca9","20131008T23:07:52.756+0000","e95961f4-a4dc-474e-a6a4-054d6e7dfca2","20131008T23:07:52.756+0000","442288aa-c41f-4c67-92b8-83f07d000756","e95961f4-a4dc-474e-a6a4-054d6e7dfca2","","","","","","","","","","","","","","",""
"","37446013","whiteleggii","Cubiceps whiteleggii (Waite, 1894)","NOMEIDAE","Cubiceps","","whiteleggii","","Valid Name","","Species","","Waite","1894","N","43fb1d24-ffdf-46ed-8de9-123c59df697e","20131008T23:07:52.756+0000","62972596-4836-48a1-81c3-0931873f6a9b","20131015T05:31:29.748+0000","442288aa-c41f-4c67-92b8-83f07d000756","62972596-4836-48a1-81c3-0931873f6a9b","","","","","","","","","","","","","","",""
"","37441008","elegans","Cybiosarda elegans (Whitley, 1935)","SCOMBRIDAE","Cybiosarda","","elegans","","Valid Name","","Species","","Whitley","1935","N","e3d6ff16-c644-49e9-aabd-7e06009708aa","20131008T23:07:52.756+0000","d631a9b6-d6af-4e4c-84df-e5a136c678df","20131008T23:07:52.756+0000","bed6a0fb-d9da-430e-ab8a-03b6533168d5","d631a9b6-d6af-4e4c-84df-e5a136c678df","","","","","","","","","","","","","","",""
"","37106026","parapallida","Cyclothone parapallida Badcock, 1982","GONOSTOMATIDAE","Cyclothone","","parapallida","","Valid Name","","Species","","Badcock","1982","Y","d3ed6ba9-0b2a-4df2-935d-ea648e3844bb","20081009T05:11:37.000+0000","b8279cfd-3a1a-4fe3-8562-4239aaddf3f7","20100727T00:03:17.157+0000","7a02e544-b665-4fd2-b621-57bcae78e84b","b8279cfd-3a1a-4fe3-8562-4239aaddf3f7","","","","","","","","","","","","","","",""
"","37313013","purpurascens","Cypho purpurascens (De Vis, 1884)","PSEUDOCHROMIDAE","Cypho","","purpurascens","","Valid Name","","Species","","De Vis","1884","N","b76536b9-32b5-4f99-8c80-2423c2bdfe50","20120109T12:51:56.108+0000","269e03f9-cc31-457b-b36b-ecebc33b8706","20150715T23:34:28.505+0000","a6c25822-82b8-408b-8b7b-e5974a7bf3c0","269e03f9-cc31-457b-b36b-ecebc33b8706","","","","","","","","","","","","","","",""
"","37264011","affinis","Cyttomimus affinis Weber, 1913","ZENIONTIDAE","Cyttomimus","","affinis","","Valid Name","","Species","","Weber","1913","Y","ab43417a-0d23-4590-a800-fe11dc469830","20130506T03:10:32.387+0000","181d551a-98b7-4c6b-bb97-9325e9c84fda","20130506T04:26:12.282+0000","f5c7b3d7-38e5-420c-b312-3e7465c418be","181d551a-98b7-4c6b-bb97-9325e9c84fda","","","","","","","","","","","","","","",""
"","37264009","cypho","Cyttopsis cypho (Fowler, 1934)","PARAZENIDAE","Cyttopsis","","cypho","","Valid Name","","Species","","Fowler","1934","N","0551409d-ca32-4692-b082-3b209607cd6e","20130506T02:56:51.218+0000","0ca9faee-f2a3-4b66-a33f-4f51532b26a7","20131106T00:24:42.251+0000","45f5e9dc-3289-4195-92fe-d49b10989cb5","0ca9faee-f2a3-4b66-a33f-4f51532b26a7","","","","","","","","","","","","","","",""
"","37264010","rosea","Cyttopsis rosea (Lowe, 1843)","PARAZENIDAE","Cyttopsis","","rosea","","Valid Name","","Species","","Lowe","1843","N","4d47b7c7-76ef-4a2b-92e4-a77c9164d508","20131009T06:42:55.424+0000","68e14320-56ad-4301-9c0a-dad8c9c0b929","20131009T06:42:55.424+0000","45f5e9dc-3289-4195-92fe-d49b10989cb5","68e14320-56ad-4301-9c0a-dad8c9c0b929","","","","","","","","","","","","","","",""
"","37020002","licha","Dalatias licha (Bonnaterre, 1788)","DALATIIDAE","Dalatias","","licha","","Valid Name","","Species","","Bonnaterre","1788","N","b7445b04-3643-4619-83af-220f135c616f","20110823T09:55:50.681+0000","2bd8e210-9bc2-42a1-a432-9212ce959682","20120416T05:24:25.862+0000","314b1ef4-c31f-4dd2-a73d-ec384aab378c","2bd8e210-9bc2-42a1-a432-9212ce959682","","","","","","","","","","","","","","",""
"","37122030","anderseni","Diaphus anderseni Tåning, 1932","MYCTOPHIDAE","Diaphus","","anderseni","","Valid Name","","Species","","Tåning","1932","Y","17a4cb87-c562-4cab-b3b5-1b37cc05666f","20081009T05:11:37.000+0000","49363f0f-607f-41c5-bd65-d47de7785d16","20100727T00:07:22.682+0000","d7b24f86-31e4-4bfa-be24-124affa22173","49363f0f-607f-41c5-bd65-d47de7785d16","","","","","","","","","","","","","","",""
"","37122032","brachycephalus","Diaphus brachycephalus Tåning, 1928","MYCTOPHIDAE","Diaphus","","brachycephalus","","Valid Name","","Species","","Tåning","1928","Y","e6ca2b8e-d63c-4fbc-aec4-df3185de4ea9","20081009T05:11:37.000+0000","c87752ac-6c8f-4d99-9d1e-c5fc47c3b04b","20100727T00:07:22.682+0000","d7b24f86-31e4-4bfa-be24-124affa22173","c87752ac-6c8f-4d99-9d1e-c5fc47c3b04b","","","","","","","","","","","","","","",""
"","37122083","chrysorhynchus","Diaphus chrysorhynchus Gilbert & Cramer, 1897","MYCTOPHIDAE","Diaphus","","chrysorhynchus","","Valid Name","","Species","","Gilbert & Cramer","1897","Y","adad555a-a3b9-40fd-a088-072a214c6314","20081009T05:11:37.000+0000","d96dc432-eb54-4c9b-9572-b477cedf2790","20100727T00:07:22.682+0000","d7b24f86-31e4-4bfa-be24-124affa22173","d96dc432-eb54-4c9b-9572-b477cedf2790","","","","","","","","","","","","","","",""
"","37122072","diadematus","Diaphus diadematus Tåning, 1932","MYCTOPHIDAE","Diaphus","","diadematus","","Valid Name","","Species","","Tåning","1932","Y","82ab6c5d-0819-4999-a7d9-e56d91e8d300","20081009T05:11:37.000+0000","85919e59-ad37-46e7-8159-ac8930686cd5","20100727T00:07:22.682+0000","d7b24f86-31e4-4bfa-be24-124affa22173","85919e59-ad37-46e7-8159-ac8930686cd5","","","","","","","","","","","","","","",""
"","37122034","fragilis","Diaphus fragilis Tåning, 1928","MYCTOPHIDAE","Diaphus","","fragilis","","Valid Name","","Species","","Tåning","1928","Y","b6712b0e-0261-40ea-aaf5-47a41038458d","20081009T05:11:37.000+0000","a4d27e8d-3c10-4754-9eb3-a18ae70cd8a2","20100727T00:07:22.682+0000","d7b24f86-31e4-4bfa-be24-124affa22173","a4d27e8d-3c10-4754-9eb3-a18ae70cd8a2","","","","","","","","","","","","","","",""
"","37122084","garmani","Diaphus garmani Gilbert, 1906","MYCTOPHIDAE","Diaphus","","garmani","","Valid Name","","Species","","Gilbert","1906","Y","f9f6c558-f731-4b73-a8c3-7592d648b1ba","20081009T05:11:37.000+0000","83830c8e-367c-439b-beae-19bfbf6a8685","20100727T00:07:22.682+0000","d7b24f86-31e4-4bfa-be24-124affa22173","83830c8e-367c-439b-beae-19bfbf6a8685","","","","","","","","","","","","","","",""
"","37122085","jenseni","Diaphus jenseni Tåning, 1932","MYCTOPHIDAE","Diaphus","","jenseni","","Valid Name","","Species","","Tåning","1932","Y","c42614b2-b0cb-445c-9aed-2c86b19fd3c8","20081009T05:11:37.000+0000","6d0bf2d7-98fc-4596-b1fa-0234faeba9c6","20100727T00:07:22.682+0000","d7b24f86-31e4-4bfa-be24-124affa22173","6d0bf2d7-98fc-4596-b1fa-0234faeba9c6","","","","","","","","","","","","","","",""
"","37122035","luetkeni","Diaphus luetkeni (Brauer, 1904)","MYCTOPHIDAE","Diaphus","","luetkeni","","Valid Name","","Species","","Brauer","1904","N","61c2d826-f701-4f6a-92d1-95bfda199233","20081009T05:11:37.000+0000","213e1d8e-59d3-467f-9009-52207df3dfc2","20100727T00:07:22.682+0000","d7b24f86-31e4-4bfa-be24-124affa22173","213e1d8e-59d3-467f-9009-52207df3dfc2","","","","","","","","","","","","","","",""
"","37122087","malayanus","Diaphus malayanus Weber, 1913","MYCTOPHIDAE","Diaphus","","malayanus","","Valid Name","","Species","","Weber","1913","Y","5e88e34f-066a-4302-83ab-4f3ff584eb3e","20081009T05:11:37.000+0000","4e52156c-923b-4a2f-9efb-4dd81d95816a","20100727T00:07:22.682+0000","d7b24f86-31e4-4bfa-be24-124affa22173","4e52156c-923b-4a2f-9efb-4dd81d95816a","","","","","","","","","","","","","","",""
"","37122038","mollis","Diaphus mollis Tåning, 1928","MYCTOPHIDAE","Diaphus","","mollis","","Valid Name","","Species","","Tåning","1928","Y","2f82c9d2-b124-4758-b376-5feb413eab34","20081009T05:11:37.000+0000","468e2895-39cd-402a-8578-e389143ed11c","20100727T00:07:22.682+0000","d7b24f86-31e4-4bfa-be24-124affa22173","468e2895-39cd-402a-8578-e389143ed11c","","","","","","","","","","","","","","",""
"","37122039","parri","Diaphus parri Tåning, 1932","MYCTOPHIDAE","Diaphus","","parri","","Valid Name","","Species","","Tåning","1932","Y","f530509f-2665-49d2-b871-9aaba3850368","20081009T05:11:37.000+0000","79f2e607-47d7-4724-a004-73f8c614456e","20100727T00:07:22.682+0000","d7b24f86-31e4-4bfa-be24-124affa22173","79f2e607-47d7-4724-a004-73f8c614456e","","","","","","","","","","","","","","",""
"","37122008","perspicillatus","Diaphus perspicillatus (Ogilby, 1898)","MYCTOPHIDAE","Diaphus","","perspicillatus","","Valid Name","","Species","","Ogilby","1898","N","faca9314-a2ec-4a4f-98fb-4a885d8fe984","20081009T05:11:37.000+0000","8c1e044e-3275-4c1a-8e1c-2b8a9a1a4585","20100727T00:07:22.682+0000","d7b24f86-31e4-4bfa-be24-124affa22173","8c1e044e-3275-4c1a-8e1c-2b8a9a1a4585","","","","","","","","","","","","","","",""
"","37122088","phillipsi","Diaphus phillipsi Fowler, 1934","MYCTOPHIDAE","Diaphus","","phillipsi","","Valid Name","","Species","","Fowler","1934","Y","760c508c-bc50-49d3-96bb-76530e9ac6d5","20081009T05:11:37.000+0000","45e4eb3e-16ec-4ec1-83a4-eeb2c575477e","20100727T00:07:22.682+0000","d7b24f86-31e4-4bfa-be24-124affa22173","45e4eb3e-16ec-4ec1-83a4-eeb2c575477e","","","","","","","","","","","","","","",""
"","37122090","regani","Diaphus regani Tåning, 1932","MYCTOPHIDAE","Diaphus","","regani","","Valid Name","","Species","","Tåning","1932","Y","254a0ef8-11c8-4e7c-9ad0-07941081c2ab","20081009T05:11:37.000+0000","5888b5bd-53c7-4d88-b76f-507271515037","20100727T00:07:22.682+0000","d7b24f86-31e4-4bfa-be24-124affa22173","5888b5bd-53c7-4d88-b76f-507271515037","","","","","","","","","","","","","","",""
"","37122040","splendidus","Diaphus splendidus (Brauer, 1904)","MYCTOPHIDAE","Diaphus","","splendidus","","Valid Name","","Species","","Brauer","1904","N","e4ca054b-c868-4eb1-afdb-b8f6f2161c1e","20081009T05:11:37.000+0000","88e59a38-215c-4f32-bfee-06bd789e2f06","20100727T00:07:22.682+0000","d7b24f86-31e4-4bfa-be24-124affa22173","88e59a38-215c-4f32-bfee-06bd789e2f06","","","","","","","","","","","","","","",""
"","37122041","termophilus","Diaphus termophilus Tåning, 1928","MYCTOPHIDAE","Diaphus","","termophilus","","Valid Name","","Species","","Tåning","1928","Y","d2701a43-d307-4d6d-b44d-2a12611bff3b","20081009T05:11:37.000+0000","53539f47-b1df-4ae1-9ae7-75359d5668e8","20100727T00:07:22.682+0000","d7b24f86-31e4-4bfa-be24-124affa22173","53539f47-b1df-4ae1-9ae7-75359d5668e8","","","","","","","","","","","","","","",""
"","37122013","watasei","Diaphus watasei Jordan & Starks, 1904","MYCTOPHIDAE","Diaphus","","watasei","","Valid Name","","Species","","Jordan & Starks","1904","Y","e2eb2979-0b40-4512-888d-d34a6a57c336","20081009T05:11:37.000+0000","a2d6cce5-923c-48b0-8764-94e0892767a3","20100727T00:07:22.682+0000","d7b24f86-31e4-4bfa-be24-124affa22173","a2d6cce5-923c-48b0-8764-94e0892767a3","","","","","","","","","","","","","","",""
"","37122042","atlanticus","Diogenichthys atlanticus (Tåning, 1928)","MYCTOPHIDAE","Diogenichthys","","atlanticus","","Valid Name","","Species","","Tåning","1928","N","33849b88-7f61-491e-a0b4-78f06c8a6e44","20081009T05:11:37.000+0000","4691d731-8b61-46f3-a815-a127dca974fb","20100727T00:07:22.682+0000","972d938e-5852-4d86-8f73-25878bb5dce0","4691d731-8b61-46f3-a815-a127dca974fb","","","","","","","","","","","","","","",""
"","37060023","nebulosa","Echidna nebulosa (Ahl, 1789)","MURAENIDAE","Echidna","","nebulosa","","Valid Name","","Species","","Ahl","1789","N","3ca78f0e-0b67-43d0-a346-a5e8aaea8f30","20181002T06:35:28.343+0000","1e01ee42-dadd-4759-aa94-ae7804ba3721","20190305T04:57:36.559+0000","f6e89228-8109-4d66-adc0-6668a0c29292","1e01ee42-dadd-4759-aa94-ae7804ba3721","","","","","","","","","","","","","","",""
"","37109006","barbatum","Echiostoma barbatum Lowe, 1843","STOMIIDAE","Echiostoma","","barbatum","","Valid Name","","Species","","Lowe","1843","Y","beb40159-8df5-445e-8ded-4dea6cf49fe2","20081009T05:11:37.000+0000","f511ecaf-3d2a-479a-a4b1-03e77e125a1b","20100727T00:03:17.157+0000","17dc2440-1e91-4ed8-a708-a9c0013abf90","f511ecaf-3d2a-479a-a4b1-03e77e125a1b","","","","","","","","","","","","","","",""
"","37460050","bleekeri","Engyprosopon bleekeri (Macleay, 1881)","BOTHIDAE","Engyprosopon","","bleekeri","","Valid Name","","Species","","Macleay","1881","N","446a162e-722c-4cce-890f-3fdf36a890bf","20150613T12:55:30.836+0000","7d98016a-d793-41a3-b45a-f2737fff41f0","20150707T22:49:59.218+0000","78b84fd4-0bdc-467c-8b20-416c4399dd37","7d98016a-d793-41a3-b45a-f2737fff41f0","","","","","","","","","","","","","","",""
"","37460013","maldivensis","Engyprosopon maldivensis (Regan, 1908)","BOTHIDAE","Engyprosopon","","maldivensis","","Valid Name","","Species","","Regan","1908","N","7f834f26-eaef-472c-a392-1cc063354c04","20150615T06:25:16.792+0000","3419d6e2-cfc5-4c96-a51b-3b8122b394a1","20150707T22:49:59.218+0000","78b84fd4-0bdc-467c-8b20-416c4399dd37","3419d6e2-cfc5-4c96-a51b-3b8122b394a1","","","","","","","","","","","","","","",""
"","37020031","dislineatus","Etmopterus dislineatus Last, Burgess & Séret, 2002","ETMOPTERIDAE","Etmopterus","","dislineatus","","Valid Name","","Species","","Last, Burgess & Séret","2002","Y","46423251-fd9f-46b3-81ec-321f4e9f7cd3","20110218T01:51:42.612+0000","451ac991-3592-45d7-8bc3-aea47435b1a0","20120416T05:24:25.862+0000","424df03e-a5dd-4038-b685-e1cec8502bcd","451ac991-3592-45d7-8bc3-aea47435b1a0","","","","","","","","","","","","","","",""
"","37020005","lucifer","Etmopterus lucifer Jordan & Snyder, 1902","ETMOPTERIDAE","Etmopterus","","lucifer","","Valid Name","","Species","","Jordan & Snyder","1902","Y","55aa105c-7c93-4bc5-acb2-9ba7385013e5","20110603T13:53:08.849+0000","38c70ea1-2b10-4e34-8a37-9547b8b2df4b","20120416T05:24:25.862+0000","424df03e-a5dd-4038-b685-e1cec8502bcd","38c70ea1-2b10-4e34-8a37-9547b8b2df4b","","","","","","","","","","","","","","",""
"","37109011","achirus","Eustomias achirus Parin & Pokhilskaya, 1974","STOMIIDAE","Eustomias","","achirus","","Valid Name","","Species","","Parin & Pokhilskaya","1974","Y","1e64aa43-497b-4036-aead-02a911ed0768","20081009T05:11:37.000+0000","ab149e80-5299-4e6c-b610-a5eacf5f7902","20100727T00:03:17.157+0000","d76dbf7f-9ab3-446b-bf70-32e7a1df6d6c","ab149e80-5299-4e6c-b610-a5eacf5f7902","","","","","","","","","","","","","","",""
"","37109013","bifilis","Eustomias bifilis Gibbs, 1960","STOMIIDAE","Eustomias","","bifilis","","Valid Name","","Species","","Gibbs","1960","Y","11bc74e9-072c-4c17-bd8b-58ae7b914ad7","20081009T05:11:37.000+0000","126af3ea-fc93-45fc-b8ab-3b3963700223","20100727T00:03:17.157+0000","d76dbf7f-9ab3-446b-bf70-32e7a1df6d6c","126af3ea-fc93-45fc-b8ab-3b3963700223","","","","","","","","","","","","","","",""
"","37109007","enbarbatus","Eustomias enbarbatus Welsh, 1923","STOMIIDAE","Eustomias","","enbarbatus","","Valid Name","","Species","","Welsh","1923","Y","ea7c2910-d5ff-4f31-bb7e-0a189bfe6e38","20081009T05:11:37.000+0000","92e13a3b-0837-47db-bc24-02c16d674f93","20100727T00:03:17.157+0000","d76dbf7f-9ab3-446b-bf70-32e7a1df6d6c","92e13a3b-0837-47db-bc24-02c16d674f93","","","","","","","","","","","","","","",""
"","37109016","macrurus","Eustomias macrurus Regan & Trewavas, 1930","STOMIIDAE","Eustomias","","macrurus","","Valid Name","","Species","","Regan & Trewavas","1930","Y","b0b8cbd2-6898-4fc6-b906-3577a4d3d562","20081009T05:11:37.000+0000","3036230a-638f-4c65-bfed-83e12c5bd5f9","20100727T00:03:17.157+0000","d76dbf7f-9ab3-446b-bf70-32e7a1df6d6c","3036230a-638f-4c65-bfed-83e12c5bd5f9","","","","","","","","","","","","","","",""
"","37109039","parini","Eustomias parini Clarke, 2001","STOMIIDAE","Eustomias","","parini","","Valid Name","","Species","","Clarke","2001","Y","ab76591b-005b-4c9a-99be-3c6d6d7a21e8","20081009T05:11:37.000+0000","060d3e7c-751e-4872-93a4-bdb3ebcd3403","20100727T00:03:17.157+0000","d76dbf7f-9ab3-446b-bf70-32e7a1df6d6c","060d3e7c-751e-4872-93a4-bdb3ebcd3403","","","","","","","","","","","","","","",""
"","37109020","vitiazi","Eustomias vitiazi Parin & Pokhilskaya, 1974","STOMIIDAE","Eustomias","","vitiazi","","Valid Name","","Species","","Parin & Pokhilskaya","1974","Y","e77c0873-a0ff-462b-917e-bb7bd4f5b808","20081009T05:11:37.000+0000","1d17d502-04aa-4f0e-ab57-7735ce38755d","20100727T00:03:17.157+0000","d76dbf7f-9ab3-446b-bf70-32e7a1df6d6c","1d17d502-04aa-4f0e-ab57-7735ce38755d","","","","","","","","","","","","","","",""
"","37441010","affinis","Euthynnus affinis (Cantor, 1850)","SCOMBRIDAE","Euthynnus","","affinis","","Valid Name","","Species","","Cantor","1850","N","50a17717-cb75-4acb-ae8d-016df727a464","20131008T23:07:52.756+0000","a24a29f3-a68b-49d0-a1c8-babfc0b2042b","20131008T23:07:52.756+0000","6520f7e7-9865-4eb1-8976-3b1b37576144","a24a29f3-a68b-49d0-a1c8-babfc0b2042b","","","","","","","","","","","","","","",""
"","37233011","monocirrhus","Exocoetus monocirrhus Richardson, 1846","EXOCOETIDAE","Exocoetus","","monocirrhus","","Valid Name","","Species","","Richardson","1846","Y","43107768-6a4e-41e9-8060-4462a77c48d8","20180319T04:19:46.002+0000","a1653ca1-7a42-4761-a9f8-379c7ad402b7","20180329T02:08:16.158+0000","dea9ceac-3a38-4921-a6a1-a801496e9851","a1653ca1-7a42-4761-a9f8-379c7ad402b7","","","","","","","","","","","","","","",""
"","37233013","volitans","Exocoetus volitans Linnaeus, 1758","EXOCOETIDAE","Exocoetus","","volitans","","Valid Name","","Species","","Linnaeus","1758","Y","283e868a-061b-4f13-9d59-14b2e52bf97b","20180319T04:42:39.141+0000","fd1e036b-c5b8-4e82-a4bd-1180c94ea2aa","20180329T02:08:16.158+0000","dea9ceac-3a38-4921-a6a1-a801496e9851","fd1e036b-c5b8-4e82-a4bd-1180c94ea2aa","","","","","","","","","","","","","","",""
"","37018022","cuvier","Galeocerdo cuvier (Péron & Lesueur, 1822)","CARCHARHINIDAE","Galeocerdo","","cuvier","","Valid Name","","Species","","Péron & Lesueur","1822","N","8f541d63-36a0-4a33-9b54-dd9ee5a6c548","20140313T03:41:28.159+0000","c2379c79-125e-417d-9392-f5d93b26b223","20140313T03:41:28.159+0000","b544dd62-c519-4d61-8c5b-48038685d5ee","c2379c79-125e-417d-9392-f5d93b26b223","","","","","","","","","","","","","","",""
"","37441019","melampus","Gasterochisma melampus Richardson, 1845","SCOMBRIDAE","Gasterochisma","","melampus","","Valid Name","","Species","","Richardson","1845","Y","c0adcba4-139d-437b-8b90-20782d60a630","20131008T23:07:52.756+0000","8ea45d78-562d-4502-bd16-e0890cebd864","20131008T23:07:52.756+0000","ca24eab4-a68c-4d20-abfa-4abaf4493a23","8ea45d78-562d-4502-bd16-e0890cebd864","","","","","","","","","","","","","","",""
"","37106003","atlanticum","Gonostoma atlanticum Norman, 1930","GONOSTOMATIDAE","Gonostoma","","atlanticum","","Valid Name","","Species","","Norman","1930","Y","c70ac133-5cd2-4684-9911-0bf7303b101a","20081009T05:11:37.000+0000","17529c2f-3418-44d6-975c-e18544f33f0d","20100727T00:03:17.157+0000","c27cf599-eecd-4ad8-af8d-9ce2530b86b3","17529c2f-3418-44d6-975c-e18544f33f0d","","","","","","","","","","","","","","",""
"","37060032","buroensis","Gymnothorax buroensis (Bleeker, 1857)","MURAENIDAE","Gymnothorax","","buroensis","","Valid Name","","Species","","Bleeker","1857","N","5191b913-aa9a-43b5-bc8e-4810b38bc3fd","20180323T05:32:42.201+0000","4b562bde-c72e-448b-9cae-6938378a52f4","20190305T04:57:36.559+0000","9537dac0-b3db-4119-8d1e-a268a4b75ef5","4b562bde-c72e-448b-9cae-6938378a52f4","","","","","","","","","","","","","","",""
"","37060043","isingteena","Gymnothorax isingteena (Richardson, 1845)","MURAENIDAE","Gymnothorax","","isingteena","","Valid Name","","Species","","Richardson","1845","N","efeb7f79-1cbf-4209-a79b-2e0d28f8efa0","20181003T09:08:25.675+0000","730c3500-3724-4594-ba97-6cf4cc6eb715","20190305T04:57:36.559+0000","9537dac0-b3db-4119-8d1e-a268a4b75ef5","730c3500-3724-4594-ba97-6cf4cc6eb715","","","","","","","","","","","","","","",""
"","37060039","javanicus","Gymnothorax javanicus (Bleeker, 1859)","MURAENIDAE","Gymnothorax","","javanicus","","Valid Name","","Species","","Bleeker","1859","N","6d0b5e9f-cc8b-4215-8441-3a995982ee1d","20181002T07:49:44.670+0000","12c7be6c-0fa3-4d95-b6e7-4ac4d083309a","20190305T04:57:36.559+0000","9537dac0-b3db-4119-8d1e-a268a4b75ef5","12c7be6c-0fa3-4d95-b6e7-4ac4d083309a","","","","","","","","","","","","","","",""
"","37060045","meleagris","Gymnothorax meleagris (Shaw & Nodder, 1795)","MURAENIDAE","Gymnothorax","","meleagris","","Valid Name","","Species","","Shaw & Nodder","1795","N","f93e618f-9857-4c6e-9004-1ebdc080c97e","20180825T06:47:51.560+0000","0df7819f-1ad6-41a2-aade-5f8c9d2b671b","20190305T04:57:36.559+0000","9537dac0-b3db-4119-8d1e-a268a4b75ef5","0df7819f-1ad6-41a2-aade-5f8c9d2b671b","","","","","","","","","","","","","","",""
"","37060015","pictus","Gymnothorax pictus (Ahl, 1789)","MURAENIDAE","Gymnothorax","","pictus","","Valid Name","","Species","","Ahl","1789","N","6a7fffaf-48e5-4064-805d-308cbbe5c2b9","20180924T06:45:16.161+0000","b89855da-5547-4713-98f7-c0707a945e4a","20190305T04:57:36.559+0000","9537dac0-b3db-4119-8d1e-a268a4b75ef5","b89855da-5547-4713-98f7-c0707a945e4a","","","","","","","","","","","","","","",""
"","37384113","margaritaceus","Halichoeres margaritaceus (Valenciennes, 1839)","LABRIDAE","Halichoeres","","margaritaceus","","Valid Name","","Species","","Valenciennes","1839","N","5ec2af23-65e2-47ba-a6d6-9bce954eab41","20170617T10:21:00.169+0000","d6bdffec-67c5-466c-bda8-b5ffe7c33383","20170727T04:09:21.978+0000","28447ee4-ff11-4ef8-9840-a628c497bb8a","d6bdffec-67c5-466c-bda8-b5ffe7c33383","","","","","","","","","","","","","","",""
"","37384122","trimaculatus","Halichoeres trimaculatus (Cuvier, 1834)","LABRIDAE","Halichoeres","","trimaculatus","","Valid Name","","Species","","Cuvier","1834","N","e64f71a1-4010-4b29-8fd8-19ef252ff45f","20170616T09:52:37.610+0000","9328069a-7ab6-4273-b28f-6ceea13cccff","20170727T04:09:21.978+0000","28447ee4-ff11-4ef8-9840-a628c497bb8a","9328069a-7ab6-4273-b28f-6ceea13cccff","","","","","","","","","","","","","","",""
"","37005001","perlo","Heptranchias perlo (Bonnaterre, 1788)","HEXANCHIDAE","Heptranchias","","perlo","","Valid Name","","Species","","Bonnaterre","1788","N","3d584571-4389-41dd-8842-53f1e086f9f1","20140313T03:41:28.159+0000","2fc6a2af-1d07-4da0-8d8f-fe3f18da55c7","20140313T03:41:28.159+0000","d8c740af-bd1c-4a32-9fd0-b514d36e84af","2fc6a2af-1d07-4da0-8d8f-fe3f18da55c7","","","","","","","","","","","","","","",""
"","37005005","griseus","Hexanchus griseus (Bonnaterre, 1788)","HEXANCHIDAE","Hexanchus","","griseus","","Valid Name","","Species","","Bonnaterre","1788","N","2fb60abb-5b28-4ddc-8212-2f90bd0f293d","20140313T03:41:28.159+0000","2cf8bb67-a70c-454f-8f5c-e69409d1e613","20140313T03:41:28.159+0000","9d8828a4-08f0-45ac-87f6-c9e68b926341","2cf8bb67-a70c-454f-8f5c-e69409d1e613","","","","","","","","","","","","","","",""
"","37005004","nakamurai","Hexanchus nakamurai Teng, 1962","HEXANCHIDAE","Hexanchus","","nakamurai","","Valid Name","","Species","","Teng","1962","Y","8f1fd661-c703-43af-b569-f2ce19a96ed2","20140313T03:41:28.159+0000","b1d85641-a0f6-46e5-8b14-09985c1680f0","20140313T03:41:28.159+0000","9d8828a4-08f0-45ac-87f6-c9e68b926341","b1d85641-a0f6-46e5-8b14-09985c1680f0","","","","","","","","","","","","","","",""
"","37117003","curtirostris","Hime curtirostris (Thomson, 1967)","AULOPIDAE","Hime","","curtirostris","","Valid Name","","Species","","Thomson","1967","N","6c5eb3a6-3197-4ef6-90cc-07a32a9f748b","20160524T09:34:08.890+0000","b58ec9cc-34b5-47a8-b68d-b9688e8547c8","20161222T00:27:39.419+0000","f627f7b2-ff7f-4085-a702-01c244e58d94","b58ec9cc-34b5-47a8-b68d-b9688e8547c8","","","","","","","","","","","","","","",""
"","37233015","speculiger","Hirundichthys speculiger (Valenciennes, 1847)","EXOCOETIDAE","Hirundichthys","","speculiger","","Valid Name","","Species","","Valenciennes","1847","N","13fd9fbb-8a10-4baf-815a-a9bed375eb41","20180319T04:51:54.439+0000","d58217f8-5124-479e-b0a6-cf897d5e12c1","20180329T02:08:16.158+0000","9f8f8210-f58d-44ce-9dab-77a53253360f","d58217f8-5124-479e-b0a6-cf897d5e12c1","","","","","","","","","","","","","","",""
"","37210024","bougainvilli","Histiophryne bougainvilli (Valenciennes, 1837)","ANTENNARIIDAE","Histiophryne","","bougainvilli","","Valid Name","","Species","","Valenciennes","1837","N","c23beb52-5f26-45ae-bf00-e76adb965dc7","20150509T07:10:08.429+0000","93c8bb36-fa10-4ff7-b01f-fb62228106ca","20150714T22:39:15.283+0000","2eaf641a-458a-4567-8783-57729affc353","93c8bb36-fa10-4ff7-b01f-fb62228106ca","","","","","","","","","","","","","","",""
"","37297002","citrinus","Hoplichthys citrinus Gilbert, 1905","HOPLICHTHYIDAE","Hoplichthys","","citrinus","","Valid Name","","Species","","Gilbert","1905","Y","9dd3c2a4-0a31-4222-819e-5b777218997b","20150403T07:13:57.591+0000","ec8f06d1-49db-47b9-9eb7-65e2a5d9f609","20150505T21:35:04.768+0000","b030ab4f-e4c8-49cb-a303-149a61617d64","ec8f06d1-49db-47b9-9eb7-65e2a5d9f609","","","","","","","","","","","","","","",""
"","37297005","filamentosus","Hoplichthys filamentosus Matsubara & Ochiai, 1950","HOPLICHTHYIDAE","Hoplichthys","","filamentosus","","Valid Name","","Species","","Matsubara & Ochiai","1950","Y","9eee8130-e853-4c79-85a5-a6fda66d42f1","20150403T05:54:56.823+0000","bbf698de-db4b-49a8-8c6c-c605b8369983","20150505T21:35:04.768+0000","b030ab4f-e4c8-49cb-a303-149a61617d64","bbf698de-db4b-49a8-8c6c-c605b8369983","","","","","","","","","","","","","","",""
"","37122046","reinhardtii","Hygophum reinhardtii (Lütken, 1892)","MYCTOPHIDAE","Hygophum","","reinhardtii","","Valid Name","","Species","","Lütken","1892","N","8ee53a7c-662e-491d-97b4-d37ad2489728","20081009T05:11:37.000+0000","bc4e31c6-94f1-40a1-9160-4a150e4b044d","20100727T00:07:22.682+0000","bd197d30-5d03-4c72-a0cc-ae6b8260ffcb","bc4e31c6-94f1-40a1-9160-4a150e4b044d","","","","","","","","","","","","","","",""
"","37232058","longibarbis","Hymenocephalus longibarbis (Günther, 1887)","MACROURIDAE","Hymenocephalus","","longibarbis","","Valid Name","","Species","","Günther","1887","N","24410746-c15a-44f2-9939-9348c623457d","20180509T06:50:36.983+0000","7660b329-2dc5-4cf5-8a03-5c258019c111","20180731T05:42:43.637+0000","2f53614d-0512-4b19-a9a7-64e87155e731","7660b329-2dc5-4cf5-8a03-5c258019c111","","","","","","","","","","","","","","",""
"","37232056","gracilis","Hymenogadus gracilis (Gilbert & Hubbs, 1920)","MACROURIDAE","Hymenogadus","","gracilis","","Valid Name","","Species","","Gilbert & Hubbs","1920","N","0056d8e8-98b5-44a0-9ffa-a2ad48630d36","20180515T06:29:50.413+0000","db397cf5-5325-4f13-b464-07cf7d083530","20180731T05:42:43.637+0000","61e86957-c052-4acc-bdc8-3eed6308c86f","db397cf5-5325-4f13-b464-07cf7d083530","","","","","","","","","","","","","","",""
"","37106023","intermedius","Ichthyococcus intermedius Mukhacheva, 1980","PHOSICHTHYIDAE","Ichthyococcus","","intermedius","","Valid Name","","Species","","Mukhacheva","1980","Y","a8e37cd4-43ca-4b96-9c31-2c35dbeb532f","20081009T05:11:37.000+0000","6cfe9693-464b-4137-84e0-676ab6c770e5","20100727T00:03:17.157+0000","b71a5e7b-b51b-4fe3-b28c-cb8daa9dfdcd","6cfe9693-464b-4137-84e0-676ab6c770e5","","","","","","","","","","","","","","",""
"","37444006","indica","Istiompax indica (Cuvier, 1832)","ISTIOPHORIDAE","Istiompax","","indica","","Valid Name","","Species","","Cuvier","1832","N","82a1b242-e286-4d26-9f33-c08e696941c9","20131008T23:07:52.756+0000","5a7c8ec1-6de5-48ed-b594-b9607745ffc2","20131008T23:07:52.756+0000","5c83d45b-37e4-4a00-b49d-f04ec90f473f","5a7c8ec1-6de5-48ed-b594-b9607745ffc2","","","","","","","","","","","","","","",""
"","37444005","platypterus","Istiophorus platypterus (Shaw & Nodder, 1792)","ISTIOPHORIDAE","Istiophorus","","platypterus","","Valid Name","","Species","","Shaw & Nodder","1792","N","31e14554-49d5-451f-adbb-8e8db136e6d7","20131008T23:07:52.756+0000","8c378113-b081-4e11-9be4-e7a954cda5e3","20131008T23:07:52.756+0000","7b208e33-352e-408e-bc95-97e39f94f8c2","8c378113-b081-4e11-9be4-e7a954cda5e3","","","","","","","","","","","","","","",""
"","37010002","paucus","Isurus paucus Guitart Manday, 1966","LAMNIDAE","Isurus","","paucus","","Valid Name","","Species","","Guitart Manday","1966","Y","ae86a85f-a0b1-42ca-9632-6d4025a368f2","20140313T03:41:28.159+0000","1c7ecce8-8701-43f6-8e83-f4ad047e45ca","20140313T03:41:28.159+0000","3ed95850-3456-42a8-9ded-733a5bf7eab1","1c7ecce8-8701-43f6-8e83-f4ad047e45ca","","","","","","","","","","","","","","",""
"","37444002","audax","Kajikia audax (Philippi, 1887)","ISTIOPHORIDAE","Kajikia","","audax","","Valid Name","","Species","","Philippi","1887","N","1cdef86d-feec-45a0-b7bd-d25021824582","20131008T23:07:52.756+0000","c0dd52e1-d47b-4e23-87b3-fc1520d8409e","20131008T23:07:52.756+0000","5aee2aa0-14e1-4051-9477-8be68765dd40","c0dd52e1-d47b-4e23-87b3-fc1520d8409e","","","","","","","","","","","","","","",""
"","37441003","pelamis","Katsuwonus pelamis (Linnaeus, 1758)","SCOMBRIDAE","Katsuwonus","","pelamis","","Valid Name","","Species","","Linnaeus","1758","N","e6d8bd9b-439b-48d5-b1a4-e5957f228da5","20131008T23:07:52.756+0000","bb2ec6ae-1015-4602-80ac-39ef279011c1","20131008T23:07:52.756+0000","dae90a79-6061-4c45-98f8-bd64a81066f8","bb2ec6ae-1015-4602-80ac-39ef279011c1","","","","","","","","","","","","","","",""
"","37467023","lagocephalus","Lagocephalus lagocephalus (Linnaeus, 1758)","TETRAODONTIDAE","Lagocephalus","","lagocephalus","","Valid Name","","Species","","Linnaeus","1758","N","06ea20bc-5f1e-42de-bb52-f97431fdaf16","20140428T04:53:16.496+0000","5e0976cf-a36b-4ba3-9be9-9b9951d8532d","20140429T04:00:17.360+0000","52f94eca-57e7-44e6-988e-a3a9a6c766bf","5e0976cf-a36b-4ba3-9be9-9b9951d8532d","","","","","","","","","","","","","","",""
"","37122094","luminosa","Lampadena luminosa (Garman, 1899)","MYCTOPHIDAE","Lampadena","","luminosa","","Valid Name","","Species","","Garman","1899","N","ede2bf09-b028-4400-8b9c-d06f54eabd47","20081009T05:11:37.000+0000","775fe61d-9a6a-4703-acc8-d9ef0290caa7","20100727T00:07:22.682+0000","c0f6eb5a-8fed-4ba3-9fca-c6794ad1f298","775fe61d-9a6a-4703-acc8-d9ef0290caa7","","","","","","","","","","","","","","",""
"","37122048","alatus","Lampanyctus alatus Goode & Bean, 1896","MYCTOPHIDAE","Lampanyctus","","alatus","","Valid Name","","Species","","Goode & Bean","1896","Y","86cc1d4c-92ad-4c4b-b3e2-6b1da6bec6ac","20081009T05:11:37.000+0000","7754f38f-3278-47be-8f63-556c2a0b0a9c","20100727T00:07:22.682+0000","40c59efd-43a0-4a1a-87b6-ed49f20c860c","7754f38f-3278-47be-8f63-556c2a0b0a9c","","","","","","","","","","","","","","",""
"","37122050","festivus","Lampanyctus festivus Tåning, 1928","MYCTOPHIDAE","Lampanyctus","","festivus","","Valid Name","","Species","","Tåning","1928","Y","3ac5f6ed-0637-4650-b5d0-569778e12746","20081009T05:11:37.000+0000","6f199a14-0ce9-48f8-82ec-340a8972868a","20100727T00:07:22.682+0000","40c59efd-43a0-4a1a-87b6-ed49f20c860c","6f199a14-0ce9-48f8-82ec-340a8972868a","","","","","","","","","","","","","","",""
"","37122097","nobilis","Lampanyctus nobilis Tåning, 1928","MYCTOPHIDAE","Lampanyctus","","nobilis","","Valid Name","","Species","","Tåning","1928","Y","063dac6c-42a1-4fdb-b657-f8b0ab3b6919","20081009T05:11:37.000+0000","6f8e98d7-ff39-4e76-8052-f4ba834e37eb","20100727T00:07:22.682+0000","40c59efd-43a0-4a1a-87b6-ed49f20c860c","6f8e98d7-ff39-4e76-8052-f4ba834e37eb","","","","","","","","","","","","","","",""
"","37287123","trifasciatus","Lioscorpius trifasciatus Last, Yearsley & Motomura, 2005","SETARCHIDAE","Lioscorpius","","trifasciatus","","Valid Name","","Species","","Last, Yearsley & Motomura","2005","Y","ea75c393-dd83-4ecc-81f2-1a88c68b99c5","20150316T07:03:23.945+0000","8dd6937f-1032-43d3-a75c-da404515743b","20150505T21:35:04.768+0000","6dea5cf4-164b-45b1-84d7-ab1cbf77003b","8dd6937f-1032-43d3-a75c-da404515743b","","","","","","","","","","","","","","",""
"","37122054","gemellarii","Lobianchia gemellarii (Cocco, 1838)","MYCTOPHIDAE","Lobianchia","","gemellarii","","Valid Name","","Species","","Cocco","1838","N","69ff2e97-cd77-43bf-bd5c-5afd90f295ae","20081009T05:11:37.000+0000","75eab29d-b5e4-43f3-90cf-b4c57fd6f015","20100727T00:07:22.682+0000","d6d000a0-f266-44b7-aef9-4c17ddc28be7","75eab29d-b5e4-43f3-90cf-b4c57fd6f015","","","","","","","","","","","","","","",""
"","37232072","microlepis","Lucigadus microlepis (Günther, 1878)","MACROURIDAE","Lucigadus","","microlepis","","Valid Name","","Species","","Günther","1878","N","350a78f6-f8ee-48f8-8bcd-9e73ec295f12","20180411T22:50:16.904+0000","aedc0713-a019-48cf-9cf9-12a2cb62986f","20180731T05:42:43.637+0000","d055dc55-2b0b-4a50-af22-c2c675390340","aedc0713-a019-48cf-9cf9-12a2cb62986f","","","","","","","","","","","","","","",""
"","37444003","nigricans","Makaira nigricans Lacépède, 1802","ISTIOPHORIDAE","Makaira","","nigricans","","Valid Name","","Species","","Lacépède","1802","Y","74e8a17f-10b6-45da-9d85-4d588a0f3c09","20131008T23:07:52.756+0000","858a3a2a-4d1b-4670-a436-872c738341c3","20131008T23:07:52.756+0000","dfacef4d-542c-4955-9367-3d197918a12f","858a3a2a-4d1b-4670-a436-872c738341c3","","","","","","","","","","","","","","",""
"","37232007","laevis","Malacocephalus laevis (Lowe, 1843)","MACROURIDAE","Malacocephalus","","laevis","","Valid Name","","Species","","Lowe","1843","N","406e189e-b46b-42a2-9609-3e853690eb63","20180411T22:50:16.904+0000","e81f946b-dedd-4fbd-9709-98cb4c7b3383","20180731T05:42:43.637+0000","ec466bec-3020-44eb-973f-0e030b262a09","e81f946b-dedd-4fbd-9709-98cb4c7b3383","","","","","","","","","","","","","","",""
"","37232086","acipenserinus","Mataeocephalus acipenserinus (Gilbert & Cramer, 1897)","MACROURIDAE","Mataeocephalus","","acipenserinus","","Valid Name","","Species","","Gilbert & Cramer","1897","N","35b039e5-852c-4e25-9534-8dd911465e16","20180411T22:50:16.904+0000","324316cf-96e9-4daf-a43c-2596ae3c62fa","20180731T05:42:43.637+0000","a3408285-468e-40af-a11d-4f17b210e25f","324316cf-96e9-4daf-a43c-2596ae3c62fa","","","","","","","","","","","","","","",""
"","37107024","javanicus","Maurolicus javanicus Parin & Kobyliansky, 1993","STERNOPTYCHIDAE","Maurolicus","","javanicus","","Valid Name","","Species","","Parin & Kobyliansky","1993","Y","f99706b6-1169-4ad3-a93d-4ed881ae11a1","20081009T05:11:37.000+0000","f8af70c0-4593-4142-ac8d-65d46b1f2563","20100727T00:03:17.157+0000","6e73ebdf-5d96-4a7b-9b37-1e747f245071","f8af70c0-4593-4142-ac8d-65d46b1f2563","","","","","","","","","","","","","","",""
"","37109026","tentaculatus","Melanostomias tentaculatus (Regan & Trewavas, 1930)","STOMIIDAE","Melanostomias","","tentaculatus","","Valid Name","","Species","","Regan & Trewavas","1930","N","04c875ff-6f4c-4d4b-8ae9-d8d5beebb958","20081009T05:11:37.000+0000","ea829d1a-15fe-434e-bb86-0f1fccf5a095","20100727T00:03:17.157+0000","7fdfda17-bd95-43b0-bce6-db460cab1d47","ea829d1a-15fe-434e-bb86-0f1fccf5a095","","","","","","","","","","","","","","",""
"","37122009","asperum","Myctophum asperum Richardson, 1845","MYCTOPHIDAE","Myctophum","","asperum","","Valid Name","","Species","","Richardson","1845","Y","67297c7d-98d0-480a-aae5-040ea2fc5f51","20081009T05:11:37.000+0000","86de5e2c-5f8d-402a-8158-eb2c83b4deb2","20100727T00:07:22.682+0000","2cd75b77-2ef8-4102-a858-14ca1049da0a","86de5e2c-5f8d-402a-8158-eb2c83b4deb2","","","","","","","","","","","","","","",""
"","37122056","nitidulum","Myctophum nitidulum Garman, 1899","MYCTOPHIDAE","Myctophum","","nitidulum","","Valid Name","","Species","","Garman","1899","Y","c59a35a3-37ae-44b1-afb3-3fc89eba5f7b","20081009T05:11:37.000+0000","c4352a8e-4fe0-4247-8634-9794fee0997b","20100727T00:07:22.682+0000","2cd75b77-2ef8-4102-a858-14ca1049da0a","c4352a8e-4fe0-4247-8634-9794fee0997b","","","","","","","","","","","","","","",""
"","37122099","obtusirostre","Myctophum obtusirostre Tåning, 1928","MYCTOPHIDAE","Myctophum","","obtusirostre","","Valid Name","","Species","","Tåning","1928","Y","4401e9c4-65ba-4691-bf6b-669b059b6ad5","20081009T05:11:37.000+0000","20595ebf-5321-426f-8175-e2753604c80e","20100727T00:07:22.682+0000","2cd75b77-2ef8-4102-a858-14ca1049da0a","20595ebf-5321-426f-8175-e2753604c80e","","","","","","","","","","","","","","",""
"","37122101","spinosum","Myctophum spinosum (Steindachner, 1867)","MYCTOPHIDAE","Myctophum","","spinosum","","Valid Name","","Species","","Steindachner","1867","N","b6891f13-4f39-4971-85f9-c250ff52a1b9","20081009T05:11:37.000+0000","63f41177-72cf-49cc-bf16-bb865e08c6d1","20100727T00:07:22.682+0000","2cd75b77-2ef8-4102-a858-14ca1049da0a","63f41177-72cf-49cc-bf16-bb865e08c6d1","","","","","","","","","","","","","","",""
"","37122049","atrum","Nannobrachium atrum (Tåning, 1928)","MYCTOPHIDAE","Nannobrachium","","atrum","","Valid Name","","Species","","Tåning","1928","N","4228e60f-02b8-4082-bb51-3d982f5a627e","20081009T05:11:37.000+0000","e34a570b-fe0e-4dea-b932-183147a66272","20100727T00:07:22.682+0000","f12be850-f974-48eb-9eb7-928e790444d0","e34a570b-fe0e-4dea-b932-183147a66272","","","","","","","","","","","","","","",""
"","37437030","lopezi","Naso lopezi Herre, 1927","ACANTHURIDAE","Naso","","lopezi","","Valid Name","","Species","","Herre","1927","Y","69f8faab-9042-41a6-9e2c-12617e49ea43","20131008T23:07:52.756+0000","31d35950-fa3f-4fd2-baf0-b4b4ca613b6a","20131008T23:07:52.756+0000","454ce794-b914-420d-9317-ed3a4133973a","31d35950-fa3f-4fd2-baf0-b4b4ca613b6a","","","","","","","","","","","","","","",""
"","37337040","ductor","Naucrates ductor (Linnaeus, 1758)","CARANGIDAE","Naucrates","","ductor","","Valid Name","","Species","","Linnaeus","1758","N","4563c348-4be2-4796-98c2-2b400e2d1b93","20121213T05:05:37.372+0000","7f408b32-7f52-4050-aa37-902dd9f61897","20121213T07:07:48.331+0000","f18d8646-7321-4924-b0e7-325b7fc0c090","7f408b32-7f52-4050-aa37-902dd9f61897","","","","","","","","","","","","","","",""
"","37439011","tripes","Nealotus tripes Johnson, 1865","GEMPYLIDAE","Nealotus","","tripes","","Valid Name","","Species","","Johnson","1865","Y","3591e6ff-e735-49dd-b152-691fa1179dd0","20131008T23:07:52.756+0000","6b65cbc9-0076-4b61-ac89-3250c9d27c8b","20131008T23:07:52.756+0000","b9a3f4ef-e912-4c1e-971c-c7705d3e99b1","6b65cbc9-0076-4b61-ac89-3250c9d27c8b","","","","","","","","","","","","","","",""
"","37228059","pallidus","Neobythites pallidus Nielsen, 1997","OPHIDIIDAE","Neobythites","","pallidus","","Valid Name","","Species","","Nielsen","1997","Y","ca567bd0-ec3a-4e3d-a67b-235cb63491ea","20150519T06:25:24.918+0000","935bcf3d-d56e-4774-8134-06c3430ff284","20150622T00:52:33.563+0000","c8fef44b-026c-409e-a87b-68f868c4483c","935bcf3d-d56e-4774-8134-06c3430ff284","","","","","","","","","","","","","","",""
"","37439012","nasutus","Nesiarchus nasutus Johnson, 1862","GEMPYLIDAE","Nesiarchus","","nasutus","","Valid Name","","Species","","Johnson","1862","Y","7227851e-850b-461a-b794-b3d799d2ea1c","20131008T23:07:52.756+0000","0f861466-35cb-4063-b8d1-d0ed04c91909","20131008T23:07:52.756+0000","c6491e58-6816-4e96-8153-7bc4468f478c","0f861466-35cb-4063-b8d1-d0ed04c91909","","","","","","","","","","","","","","",""
"","37065004","gephyra","Nettenchelys gephyra Castle & Smith, 1981","NETTASTOMATIDAE","Nettenchelys","","gephyra","","Valid Name","","Species","","Castle & Smith","1981","Y","2213da1c-94c8-417f-92a9-1a3f11f2d984","20180630T06:53:04.070+0000","cea5fd00-23dc-4f30-a2f3-f64a8a51269c","20190305T04:57:36.559+0000","23452aeb-6784-4e88-88a7-c142cc0ebe28","cea5fd00-23dc-4f30-a2f3-f64a8a51269c","","","","","","","","","","","","","","",""
"","37232089","merretti","Nezumia merretti Iwamoto & Williams, 1999","MACROURIDAE","Nezumia","","merretti","","Valid Name","","Species","","Iwamoto & Williams","1999","Y","25dc10be-f16e-4579-9cad-dcbf034d03fe","20180512T06:16:12.520+0000","5524799e-49fb-4631-85c8-5a290b0eb3bf","20180731T05:42:43.637+0000","e63a288e-1b55-4f53-8437-ab433e00a75d","5524799e-49fb-4631-85c8-5a290b0eb3bf","","","","","","","","","","","","","","",""
"","37232067","propinqua","Nezumia propinqua (Gilbert & Cramer, 1897)","MACROURIDAE","Nezumia","","propinqua","","Valid Name","","Species","","Gilbert & Cramer","1897","N","f5c4c2aa-bcb2-4bf0-b7c3-cfda7c8b7383","20180411T22:50:16.904+0000","5ce2a6e5-0b20-4d8d-9056-500c8c1bcb9e","20180731T05:42:43.637+0000","e63a288e-1b55-4f53-8437-ab433e00a75d","5ce2a6e5-0b20-4d8d-9056-500c8c1bcb9e","","","","","","","","","","","","","","",""
"","37122058","valdiviae","Notolychnus valdiviae (Brauer, 1904)","MYCTOPHIDAE","Notolychnus","","valdiviae","","Valid Name","","Species","","Brauer","1904","N","c1d09357-904c-4298-8fcc-9b3f1402f94d","20081009T05:11:37.000+0000","52111760-9f78-4b90-9c6b-d20f20578453","20100727T00:07:22.682+0000","07656400-9f79-4220-b52f-4aae24ac20a4","52111760-9f78-4b90-9c6b-d20f20578453","","","","","","","","","","","","","","",""
"","37099001","grimaldii","Opisthoproctus grimaldii Zugmayer, 1911","OPISTHOPROCTIDAE","Opisthoproctus","","grimaldii","","Valid Name","","Species","","Zugmayer","1911","Y","cefc78ca-f6ba-4ad3-a163-11b542771b5c","20160523T00:06:44.378+0000","719885f2-a2d1-457e-a2dd-4eb6afb26d46","20160606T05:32:28.811+0000","9a4e9983-6894-4587-896e-0ed942f18d3a","719885f2-a2d1-457e-a2dd-4eb6afb26d46","","","","","","","","","","","","","","",""
"","37261003","japonicus","Ostichthys japonicus (Cuvier, 1829)","HOLOCENTRIDAE","Ostichthys","","japonicus","","Valid Name","","Species","","Cuvier","1829","N","b9ab8572-889a-4d45-915f-3af8064f4b1d","20151105T05:27:54.876+0000","39482101-f478-467e-a094-a2c6968aa52c","20160606T05:15:12.352+0000","514ffc22-cfd2-4c06-8292-900fe3285e17","39482101-f478-467e-a094-a2c6968aa52c","","","","","","","","","","","","","","",""
"","37109029","microdon","Pachystomias microdon (Günther, 1878)","STOMIIDAE","Pachystomias","","microdon","","Valid Name","","Species","","Günther","1878","N","5a6da20b-88d2-4be8-9525-784166c07dc9","20081009T05:11:37.000+0000","addc842b-b16f-40df-a367-c7123f1036bc","20100727T00:03:17.157+0000","aa8dc8aa-db5a-43ce-82d7-37ece9972a56","addc842b-b16f-40df-a367-c7123f1036bc","","","","","","","","","","","","","","",""
"","37460078","coarctatus","Parabothus coarctatus (Gilbert, 1905)","BOTHIDAE","Parabothus","","coarctatus","","Valid Name","","Species","","Gilbert","1905","N","3474b4c9-c107-4e2e-b9b2-1060bc9dbb42","20150618T07:20:38.580+0000","68a73790-6c25-40bd-8ab9-aaf37422d213","20150707T22:49:59.218+0000","ec0db370-ebae-459d-bf90-888196954444","68a73790-6c25-40bd-8ab9-aaf37422d213","","","","","","","","","","","","","","",""
"","37390012","binivirgata","Parapercis binivirgata (Waite, 1904)","PINGUIPEDIDAE","Parapercis","","binivirgata","","Valid Name","","Species","","Waite","1904","N","f2296cbd-eecb-4ca5-8433-1fd2269fc84a","20180605T05:53:50.027+0000","4fd34400-2f62-42d4-abd3-cc0949617541","20180731T05:49:31.047+0000","fc0983cb-4318-4494-bee8-7c99dae7daf1","4fd34400-2f62-42d4-abd3-cc0949617541","","","","","","","","","","","","","","",""
"","37120015","melanogrammus","Paraulopus melanogrammus Gomon & Sato, 2004","PARAULOPIDAE","Paraulopus","","melanogrammus","","Valid Name","","Species","","Gomon & Sato","2004","Y","ec38d377-34c2-4143-8652-9188c51a268a","20160520T08:56:07.184+0000","bdc6e024-9cac-443a-806f-7367a53be6b5","20161222T00:27:39.419+0000","6dbd427a-b86f-4053-8f27-018407aa12a2","bdc6e024-9cac-443a-806f-7367a53be6b5","","","","","","","","","","","","","","",""
"","37262001","pacificus","Parazen pacificus Kamohara, 1935","PARAZENIDAE","Parazen","","pacificus","","Valid Name","","Species","","Kamohara","1935","Y","9ffd6a57-34b5-4292-a212-bd60f897f47d","20130506T03:01:46.215+0000","03abc6bb-89ac-4b67-ab80-27e2f8311cb0","20130506T04:26:12.282+0000","921dd9a7-8b2f-4c1c-9e4a-884daa4ab33d","03abc6bb-89ac-4b67-ab80-27e2f8311cb0","","","","","","","","","","","","","","",""
"","37015036","bigus","Parmaturus bigus Séret & Last, 2007","SCYLIORHINIDAE","Parmaturus","","bigus","","Valid Name","","Species","","Séret & Last","2007","Y","1e9ec6c1-84cc-42a4-8cd4-94291ae1c54c","20120309T03:20:57.989+0000","8e40ea61-dbf3-48c5-9f5b-4ec6e69aac66","20120416T05:24:25.862+0000","d0bc6885-a01c-441f-80bd-61f5b81670cc","8e40ea61-dbf3-48c5-9f5b-4ec6e69aac66","","","","","","","","","","","","","","",""
"","37109030","albipennis","Photonectes albipennis (Döderlein, 1882)","STOMIIDAE","Photonectes","","albipennis","","Valid Name","","Species","","Döderlein","1882","N","578944ab-bed5-46d2-8160-b114f6287573","20081009T05:11:37.000+0000","adb381c8-9105-4147-9e5a-fa11cb2a61b2","20100727T00:03:17.157+0000","ea9076c1-6baa-4693-b4dc-1b3fdcbd89c2","adb381c8-9105-4147-9e5a-fa11cb2a61b2","","","","","","","","","","","","","","",""
"","37109033","gracilis","Photonectes gracilis Goode & Bean, 1896","STOMIIDAE","Photonectes","","gracilis","","Valid Name","","Species","","Goode & Bean","1896","Y","ef00fc1d-b171-43a7-9305-46eb773f9597","20081009T05:11:37.000+0000","3bd30144-6d18-4a32-bdf0-64de4c2bfd16","20100727T00:03:17.157+0000","ea9076c1-6baa-4693-b4dc-1b3fdcbd89c2","3bd30144-6d18-4a32-bdf0-64de4c2bfd16","","","","","","","","","","","","","","",""
"","37224021","therosideros","Physiculus therosideros Paulin, 1987","MORIDAE","Physiculus","","therosideros","","Valid Name","","Species","","Paulin","1987","Y","ef8c35d7-4b65-4aa2-ba16-a8aa9eae8390","20151028T03:59:20.746+0000","40df68f0-6bb4-4fc3-8800-866001ac2a35","20151125T23:15:40.328+0000","a89a8de2-2972-4b62-82bb-eec14e2e147f","40df68f0-6bb4-4fc3-8800-866001ac2a35","","","","","","","","","","","","","","",""
"","37038023","daviesi","Plesiobatis daviesi (Wallace, 1967)","PLESIOBATIDAE","Plesiobatis","","daviesi","","Valid Name","","Species","","Wallace","1967","N","ce81fca2-f0ce-4218-95cd-311eca4ebbc2","20110218T01:51:42.612+0000","102560c1-67e5-49f5-ad8f-d23b9b6f59dd","20140805T07:00:41.432+0000","5545bd05-13a4-44e3-b4f8-7af3064fbcbf","102560c1-67e5-49f5-ad8f-d23b9b6f59dd","","","","","","","","","","","","","","",""
"","37192002","lineatus","Plotosus lineatus (Thunberg, 1787)","PLOTOSIDAE","Plotosus","","lineatus","","Valid Name","","Species","","Thunberg","1787","N","a10ff6c8-6a2e-47fd-a2ad-568956ecb8e4","20130804T05:09:00.794+0000","493bc810-2a68-414e-bb4d-f73f599afcac","20130912T05:06:45.254+0000","018f7575-1b11-4967-b718-2e88b3beaa32","493bc810-2a68-414e-bb4d-f73f599afcac","","","","","","","","","","","","","","",""
"","37107008","aquavitus","Polyipnus aquavitus Baird, 1971","STERNOPTYCHIDAE","Polyipnus","","aquavitus","","Valid Name","","Species","","Baird","1971","Y","8784d182-c780-45e3-bad6-876d02b9ee48","20081009T05:11:37.000+0000","eb332cd8-b574-41b7-a5af-f5d0182625b7","20100727T00:03:17.157+0000","4e17c736-7bc6-4aab-907c-0390cc53b2a4","eb332cd8-b574-41b7-a5af-f5d0182625b7","","","","","","","","","","","","","","",""
"","37107014","elongatus","Polyipnus elongatus Borodulina, 1979","STERNOPTYCHIDAE","Polyipnus","","elongatus","","Valid Name","","Species","","Borodulina","1979","Y","6c697ecf-e8ba-433d-84eb-13edac32049f","20081009T05:11:37.000+0000","e3a1af94-fe7a-43ee-96bf-3ff5aa11e0d5","20100727T00:03:17.157+0000","4e17c736-7bc6-4aab-907c-0390cc53b2a4","e3a1af94-fe7a-43ee-96bf-3ff5aa11e0d5","","","","","","","","","","","","","","",""
"","37107020","latirastrus","Polyipnus latirastrus Harold & Last, 1994","STERNOPTYCHIDAE","Polyipnus","","latirastrus","","Valid Name","","Species","","Harold & Last","1994","Y","0b6b0a4e-02e5-48cd-b4d6-30a61f4cad4c","20081009T05:11:37.000+0000","f989eaeb-259f-40f3-9e45-76a1d35f2572","20100727T00:03:17.157+0000","4e17c736-7bc6-4aab-907c-0390cc53b2a4","f989eaeb-259f-40f3-9e45-76a1d35f2572","","","","","","","","","","","","","","",""
"","37107021","paxtoni","Polyipnus paxtoni Harold, 1989","STERNOPTYCHIDAE","Polyipnus","","paxtoni","","Valid Name","","Species","","Harold","1989","Y","9dfad164-3df5-4992-80e7-85af0bb93916","20081009T05:11:37.000+0000","991c2fe2-b134-406e-a8d7-032289780673","20100727T00:03:17.157+0000","4e17c736-7bc6-4aab-907c-0390cc53b2a4","991c2fe2-b134-406e-a8d7-032289780673","","","","","","","","","","","","","","",""
"","37107023","triphanos","Polyipnus triphanos Schultz, 1938","STERNOPTYCHIDAE","Polyipnus","","triphanos","","Valid Name","","Species","","Schultz","1938","Y","239eaefc-a0c2-492f-aa63-a8c816b1082d","20081009T05:11:37.000+0000","e815a371-e454-4999-af70-55e5e60c331d","20100727T00:03:17.157+0000","4e17c736-7bc6-4aab-907c-0390cc53b2a4","e815a371-e454-4999-af70-55e5e60c331d","","","","","","","","","","","","","","",""
"","37253001","berndti","Polymixia berndti Gilbert, 1905","POLYMIXIIDAE","Polymixia","","berndti","","Valid Name","","Species","","Gilbert","1905","Y","a87b281d-de2f-4c38-a412-2b384e5a1217","20110520T03:45:42.718+0000","4f9bc9ac-6442-4cee-9afa-155bdbee1f21","20140219T05:59:59.854+0000","245c108a-d530-4fd7-b85e-c07e159aff33","4f9bc9ac-6442-4cee-9afa-155bdbee1f21","","","","","","","","","","","","","","",""
"","37253002","busakhini","Polymixia busakhini Kotlyar, 1992","POLYMIXIIDAE","Polymixia","","busakhini","","Valid Name","","Species","","Kotlyar","1992","Y","697043ae-f5bc-416e-aea2-0c5b8ce691f5","20110520T03:48:16.095+0000","90342dbb-b785-41f7-b842-6b31b5a9d892","20110520T04:54:07.796+0000","245c108a-d530-4fd7-b85e-c07e159aff33","90342dbb-b785-41f7-b842-6b31b5a9d892","","","","","","","","","","","","","","",""
"","37253003","longispina","Polymixia longispina Deng, Xiong & Zhan, 1983","POLYMIXIIDAE","Polymixia","","longispina","","Valid Name","","Species","","Deng, Xiong & Zhan","1983","Y","1c466f43-5481-4846-8ed6-4a2f5a8f1d90","20110520T03:50:02.346+0000","c6415869-d272-4209-9cb1-c2f664b56b6f","20110520T04:54:07.796+0000","245c108a-d530-4fd7-b85e-c07e159aff33","c6415869-d272-4209-9cb1-c2f664b56b6f","","","","","","","","","","","","","","",""
"","37018004","glauca","Prionace glauca (Linnaeus, 1758)","CARCHARHINIDAE","Prionace","","glauca","","Valid Name","","Species","","Linnaeus","1758","N","b2a2df76-061b-47d6-b7bd-fd923b8f3099","20140313T03:41:28.159+0000","e1381d2e-f1a1-4cc5-b29e-1a5c8454889f","20140313T03:41:28.159+0000","03c50459-6b82-4aba-b833-6563887ae605","e1381d2e-f1a1-4cc5-b29e-1a5c8454889f","","","","","","","","","","","","","","",""
"","37023004","delicatus","Pristiophorus delicatus Yearsley, Last & White, 2008","PRISTIOPHORIDAE","Pristiophorus","","delicatus","","Valid Name","","Species","","Yearsley, Last & White","2008","Y","2444a107-2184-4a49-a30c-d0960d1c11ff","20110620T08:28:02.602+0000","adedbbb6-0401-40dd-8e1c-bc94e8defece","20120416T05:24:25.862+0000","3490c576-800a-419c-bc6c-20985722a87f","adedbbb6-0401-40dd-8e1c-bc94e8defece","","","","","","","","","","","","","","",""
"","37439013","prometheus","Promethichthys prometheus (Cuvier, 1832)","GEMPYLIDAE","Promethichthys","","prometheus","","Valid Name","","Species","","Cuvier","1832","N","b94c806e-1ac4-43e0-8025-d8db09704611","20131008T23:07:52.756+0000","34d63827-9cc0-408a-8941-ea9558bc1e77","20131008T23:07:52.756+0000","a2bc9dc4-ffe0-449f-9c51-10530091df45","34d63827-9cc0-408a-8941-ea9558bc1e77","","","","","","","","","","","","","","",""
"","37009003","kamoharai","Pseudocarcharias kamoharai (Matsubara, 1936)","PSEUDOCARCHARIIDAE","Pseudocarcharias","","kamoharai","","Valid Name","","Species","","Matsubara","1936","N","2b44f9d2-ee3c-4131-abaa-20127f588b4d","20120308T00:35:44.878+0000","ec877993-a3c8-488c-b113-2fee2815ecc2","20120416T05:24:25.862+0000","b5e9f166-a92f-4d74-a928-355d2ae26e7e","ec877993-a3c8-488c-b113-2fee2815ecc2","","","","","","","","","","","","","","",""
"","37016001","microdon","Pseudotriakis microdon Capello, 1868","PSEUDOTRIAKIDAE","Pseudotriakis","","microdon","","Valid Name","","Species","","Capello","1868","Y","36aa198c-0f02-480a-99f0-7eb8f3ce301c","20130131T06:36:27.690+0000","ad4182ec-d2e3-4d31-9675-2eb4926169df","20140116T02:56:50.273+0000","4bac41c8-7522-4d8c-94bd-0c739a952ee7","ad4182ec-d2e3-4d31-9675-2eb4926169df","","","","","","","","","","","","","","",""
"","37342007","petersii","Pterycombus petersii (Hilgendorf, 1878)","BRAMIDAE","Pterycombus","","petersii","","Valid Name","","Species","","Hilgendorf","1878","N","1a42cd92-3bbe-49a9-9ea9-c91416fb9ae8","20131008T23:07:52.756+0000","74eab442-7520-41c0-92ba-8cbbcbdfb1d5","20131008T23:07:52.756+0000","e5128f51-6a59-419c-8a86-bb81a223dc8e","74eab442-7520-41c0-92ba-8cbbcbdfb1d5","","","","","","","","","","","","","","",""
"","37288005","andertoni","Pterygotrigla andertoni Waite, 1910","TRIGLIDAE","Pterygotrigla","","andertoni","","Valid Name","","Species","","Waite","1910","Y","bdb443db-d068-4a99-8535-d9d9ed4bfa87","20150429T05:03:08.690+0000","de4f1770-e71a-42e2-a8bd-5809c73fd6bd","20150505T21:35:04.768+0000","48e2a71c-c86b-4794-b2bc-413f5fde14c7","de4f1770-e71a-42e2-a8bd-5809c73fd6bd","","","","","","","","","","","","","","",""
"","37288057","pauli","Pterygotrigla pauli Hardy, 1982","TRIGLIDAE","Pterygotrigla","","pauli","","Valid Name","","Species","","Hardy","1982","Y","37f2a0eb-e53f-4ad8-baba-1edc41e1b02b","20150429T07:46:32.746+0000","da2d754e-0bca-40a8-8c10-e0d007b24f26","20150505T21:35:04.768+0000","48e2a71c-c86b-4794-b2bc-413f5fde14c7","da2d754e-0bca-40a8-8c10-e0d007b24f26","","","","","","","","","","","","","","",""
"","37229016","lindas","Pyramodon lindas Markle & Olney, 1990","CARAPIDAE","Pyramodon","","lindas","","Valid Name","","Species","","Markle & Olney","1990","Y","19732d45-61eb-4313-93cc-4b078313a7b6","20150517T06:50:44.209+0000","862129df-7be5-40ec-9800-45319e7dd698","20150622T00:52:33.563+0000","9d1c4fea-4ffc-4da1-b5bb-b7a18c0442c9","862129df-7be5-40ec-9800-45319e7dd698","","","","","","","","","","","","","","",""
"","37470004","laevis","Ranzania laevis (Pennant, 1776)","MOLIDAE","Ranzania","","laevis","","Valid Name","","Species","","Pennant","1776","N","7891e711-f0d1-4ca8-9c88-6beb205ec588","20140428T04:53:16.496+0000","322a6a9e-3242-4906-8cfb-bdf29d628f6e","20140429T04:00:17.360+0000","1322b187-b4ef-4e02-bb16-170777a94bf6","322a6a9e-3242-4906-8cfb-bdf29d628f6e","","","","","","","","","","","","","","",""
"","37336002","remora","Remora remora (Linnaeus, 1758)","ECHENEIDAE","Remora","","remora","","Valid Name","","Species","","Linnaeus","1758","N","3e3529c4-89d8-46f8-8522-14a3373da9e4","20120112T06:52:41.969+0000","b36f3f42-e0e2-4d27-af5b-1165cdeb1263","20121205T05:13:45.011+0000","e049c468-4f4c-43c7-9bd6-fa3dc7e553e8","b36f3f42-e0e2-4d27-af5b-1165cdeb1263","","","","","","","","","","","","","","",""
"","37439009","antefurcata","Rexea antefurcata Parin, 1989","GEMPYLIDAE","Rexea","","antefurcata","","Valid Name","","Species","","Parin","1989","Y","e40aec36-ad9c-4d59-a860-42676228a364","20131008T23:07:52.756+0000","8ea4df3d-540e-42b4-be18-68a4d1a20a1f","20140820T05:06:02.684+0000","27d89560-4c67-4480-a80d-5014cb6294dc","8ea4df3d-540e-42b4-be18-68a4d1a20a1f","","","","","","","","","","","","","","",""
"","37439006","prometheoides","Rexea prometheoides (Bleeker, 1856)","GEMPYLIDAE","Rexea","","prometheoides","","Valid Name","","Species","","Bleeker","1856","N","d88583d3-8632-414a-bb5f-eba97d784ff3","20131008T23:07:52.756+0000","70293175-24b2-4bfe-bcbb-04c0da2fb16d","20131008T23:07:52.756+0000","27d89560-4c67-4480-a80d-5014cb6294dc","70293175-24b2-4bfe-bcbb-04c0da2fb16d","","","","","","","","","","","","","","",""
"","37439014","johnpaxtoni","Rexichthys johnpaxtoni Parin & Astakhov, 1987","GEMPYLIDAE","Rexichthys","","johnpaxtoni","","Valid Name","","Species","","Parin & Astakhov","1987","Y","da66d385-9ffa-4c57-8080-d2ec326733a1","20131008T23:07:52.756+0000","bc92311e-f3a4-4019-a48d-fd2dca39427f","20131008T23:07:52.756+0000","5dd50b9a-4801-4dde-8e21-cce5e6e851af","bc92311e-f3a4-4019-a48d-fd2dca39427f","","","","","","","","","","","","","","",""
"","37132002","savagei","Rhamphocetichthys savagei Paxton, 1989","CETOMIMIDAE","Rhamphocetichthys","","savagei","","Valid Name","","Species","","Paxton","1989","Y","5ca2b471-d4e6-4fa1-9716-79f47a6e7f77","20081009T05:11:37.000+0000","c00122a9-9883-44fe-8c33-2dd0900dc4e4","20100727T00:17:56.369+0000","91f12fe0-5c6d-4801-81f6-7900852e85f7","c00122a9-9883-44fe-8c33-2dd0900dc4e4","","","","","","","","","","","","","","",""
"","37114023","eucla","Rouleina eucla Whitley, 1940","ALEPOCEPHALIDAE","Rouleina","","eucla","","Valid Name","","Species","","Whitley","1940","Y","c30c3436-c52e-4854-a840-cff3f53dbf00","20160523T00:06:44.378+0000","f5f3b605-3665-48ec-905d-49f6448da459","20160606T05:32:28.811+0000","74b5916a-6905-4092-918f-f343e4a63f1c","f5f3b605-3665-48ec-905d-49f6448da459","","","","","","","","","","","","","","",""
"","37386032","xanthopleura","Scarus xanthopleura Bleeker, 1853","LABRIDAE","Scarus","","xanthopleura","","Valid Name","","Species","","Bleeker","1853","Y","35f0ac2d-d6db-4c3a-85ad-45b8aede464b","20160404T06:53:11.565+0000","8bd57f0e-e710-4aaf-b816-991287711017","20170727T04:09:21.978+0000","35dbb93a-8731-48d2-b8d8-7d7bd407b253","8bd57f0e-e710-4aaf-b816-991287711017","","","","","","","","","","","","","","",""
"","37441001","australasicus","Scomber australasicus Cuvier, 1832","SCOMBRIDAE","Scomber","","australasicus","","Valid Name","","Species","","Cuvier","1832","Y","90f00aab-76ee-48d7-beb8-4d2a7201efdc","20131008T23:07:52.756+0000","b62fba79-345d-4180-863f-543aa851b22f","20131008T23:07:52.756+0000","b0655460-960e-4a63-ba67-4a52fb058633","b62fba79-345d-4180-863f-543aa851b22f","","","","","","","","","","","","","","",""
"","37439015","heterolepis","Scombrolabrax heterolepis Roule, 1921","SCOMBROLABRACIDAE","Scombrolabrax","","heterolepis","","Valid Name","","Species","","Roule","1921","Y","2dd2afe6-bb2a-4941-85cb-15710dee2dee","20131008T23:07:52.756+0000","b04e7b3f-bc40-455b-92fa-dcdeb3907833","20131008T23:07:52.756+0000","61af456b-9ba2-4371-9afd-079a560decdf","b04e7b3f-bc40-455b-92fa-dcdeb3907833","","","","","","","","","","","","","","",""
"","37287067","grandisquamis","Scorpaena grandisquamis Ogilby, 1910","SCORPAENIDAE","Scorpaena","","grandisquamis","","Valid Name","","Species","","Ogilby","1910","Y","813f1b5d-8e7b-4b3d-a9b5-abf85ebde871","20160201T04:20:50.627+0000","4e5b7abe-1ea5-4f8b-8459-05a6eeea6097","20160222T23:22:29.537+0000","0a08b985-d315-469d-b5b0-778dbf1d210b","4e5b7abe-1ea5-4f8b-8459-05a6eeea6097","","","","","","","","","","","","","","",""
"","37287041","onaria","Scorpaena onaria Jordan & Snyder, 1900","SCORPAENIDAE","Scorpaena","","onaria","","Valid Name","","Species","","Jordan & Snyder","1900","Y","b42e322d-656c-4b9b-8146-bff2a6947624","20160201T04:20:50.627+0000","b10a047a-0dcd-41e7-90cc-b7507e94e43d","20160222T23:22:29.537+0000","0a08b985-d315-469d-b5b0-778dbf1d210b","b10a047a-0dcd-41e7-90cc-b7507e94e43d","","","","","","","","","","","","","","",""
"","37287107","papuensis","Scorpaenopsis papuensis (Cuvier, 1829)","SCORPAENIDAE","Scorpaenopsis","","papuensis","","Valid Name","","Species","","Cuvier","1829","N","9ee0de32-6474-484c-b941-e45dc2ab5f13","20160201T04:20:50.627+0000","5e551ee9-099b-456d-9796-965f0edc8fe7","20160222T23:22:29.537+0000","c58fd5c3-5625-4880-94e7-8d3197b5aef3","5e551ee9-099b-456d-9796-965f0edc8fe7","","","","","","","","","","","","","","",""
"","37287047","guentheri","Setarches guentheri Johnson, 1862","SETARCHIDAE","Setarches","","guentheri","","Valid Name","","Species","","Johnson","1862","Y","afb2f2c8-6c37-4381-a782-dfdddcc03ac7","20150316T07:16:45.521+0000","f2386578-cae6-457f-8cb7-f30a76781465","20150505T21:35:04.768+0000","f789c4be-66a1-4a22-a4c0-5f504831ee64","f2386578-cae6-457f-8cb7-f30a76781465","","","","","","","","","","","","","","",""
"","37287013","longimanus","Setarches longimanus (Alcock, 1894)","SETARCHIDAE","Setarches","","longimanus","","Valid Name","","Species","","Alcock","1894","N","3d664e85-fd7f-4e70-a34e-fdf159cf610d","20150404T06:36:23.187+0000","7731c5bf-75bc-45ba-acdb-3cbbd691a7ec","20150505T21:35:04.768+0000","f789c4be-66a1-4a22-a4c0-5f504831ee64","7731c5bf-75bc-45ba-acdb-3cbbd691a7ec","","","","","","","","","","","","","","",""
"","37033002","filicauda","Sinobatis filicauda Last & Séret, 2008","ANACANTHOBATIDAE","Sinobatis","","filicauda","","Valid Name","","Species","","Last & Séret","2008","Y","00d9b92e-1f97-4b36-a72b-cfd31aa16d1d","20111016T06:09:29.542+0000","dc2da13f-eaf4-4965-a8f5-fc985a9eee09","20120416T05:24:25.862+0000","2bd0eadf-58bb-4f8b-9177-c1944ac4a058","dc2da13f-eaf4-4965-a8f5-fc985a9eee09","","","","","","","","","","","","","","",""
"","37232069","pumiliceps","Sphagemacrurus pumiliceps (Alcock, 1894)","MACROURIDAE","Sphagemacrurus","","pumiliceps","","Valid Name","","Species","","Alcock","1894","N","37785801-5fd0-4b18-bd73-997ec6f15c0e","20180509T07:09:14.324+0000","8c8a55be-f5d5-4fed-8145-fd5106d7fbe7","20180731T05:42:43.637+0000","f3cb89d1-9bf5-43b1-b7c7-ed16f5e0335f","8c8a55be-f5d5-4fed-8145-fd5106d7fbe7","","","","","","","","","","","","","","",""
"","37382011","helleri","Sphyraena helleri Jenkins, 1901","SPHYRAENIDAE","Sphyraena","","helleri","","Valid Name","","Species","","Jenkins","1901","Y","14991ecc-91e4-4dab-b2d9-ca937f74d31c","20131008T23:07:52.756+0000","1035b9e4-2e47-45b2-9a41-34b6d66571bc","20131008T23:07:52.756+0000","9cf20a66-acaa-4405-af9d-74491c6cf40f","1035b9e4-2e47-45b2-9a41-34b6d66571bc","","","","","","","","","","","","","","",""
"","37020038","albifrons","Squalus albifrons Last, White & Stevens, 2007","SQUALIDAE","Squalus","","albifrons","","Valid Name","","Species","","Last, White & Stevens","2007","Y","f3d9c0a0-1f7c-4fd3-acba-3156d86053e5","20110605T07:56:46.709+0000","8674ad98-4f69-4322-994f-5531879ff6c5","20120416T05:24:25.862+0000","559d82ca-9762-44c1-9ecc-be689522ef06","8674ad98-4f69-4322-994f-5531879ff6c5","","","","","","","","","","","","","","",""
"","37020041","grahami","Squalus grahami White, Last & Stevens, 2007","SQUALIDAE","Squalus","","grahami","","Valid Name","","Species","","White, Last & Stevens","2007","Y","e966a09c-8911-4815-80d8-7f5a2e457cda","20120305T01:17:46.418+0000","5e8419eb-5e85-49f2-a556-ee9ea6db6806","20120416T05:24:25.862+0000","559d82ca-9762-44c1-9ecc-be689522ef06","5e8419eb-5e85-49f2-a556-ee9ea6db6806","","","","","","","","","","","","","","",""
"","37020006","megalops","Squalus megalops (Macleay, 1881)","SQUALIDAE","Squalus","","megalops","","Valid Name","","Species","","Macleay","1881","N","02452ba1-a33a-458f-822e-1a314e18d18d","20110903T09:31:56.747+0000","28dde6f9-cece-4251-bbaa-e6cccf40062f","20151001T00:29:14.702+0000","559d82ca-9762-44c1-9ecc-be689522ef06","28dde6f9-cece-4251-bbaa-e6cccf40062f","","","","","","","","","","","","","","",""
"","37020047","montalbani","Squalus montalbani Whitley, 1931","SQUALIDAE","Squalus","","montalbani","","Valid Name","","Species","","Whitley","1931","Y","a7326272-347f-47fb-913e-45b2197fb4f4","20110218T01:51:42.612+0000","3e1ba904-7f7b-4e27-98cd-045793f34337","20120416T05:24:25.862+0000","559d82ca-9762-44c1-9ecc-be689522ef06","3e1ba904-7f7b-4e27-98cd-045793f34337","","","","","","","","","","","","","","",""
"","37107009","diaphana","Sternoptyx diaphana Hermann, 1781","STERNOPTYCHIDAE","Sternoptyx","","diaphana","","Valid Name","","Species","","Hermann","1781","Y","25827be7-5bbc-4edc-86e6-b1cc38348b9a","20081009T05:11:37.000+0000","1c0386f3-452d-42d9-b3af-de7755d42dc2","20100727T00:03:17.157+0000","21e9f843-94b8-480a-8e8f-80aa75f944c6","1c0386f3-452d-42d9-b3af-de7755d42dc2","","","","","","","","","","","","","","",""
"","37107019","pseudobscura","Sternoptyx pseudobscura Baird, 1971","STERNOPTYCHIDAE","Sternoptyx","","pseudobscura","","Valid Name","","Species","","Baird","1971","Y","3f07674b-64a4-40b2-9797-d7290914fb7b","20081009T05:11:37.000+0000","027f0a45-d7c5-438d-8356-819b05b26123","20100727T00:03:17.157+0000","21e9f843-94b8-480a-8e8f-80aa75f944c6","027f0a45-d7c5-438d-8356-819b05b26123","","","","","","","","","","","","","","",""
"","37112001","affinis","Stomias affinis Günther, 1887","STOMIIDAE","Stomias","","affinis","","Valid Name","","Species","","Günther","1887","Y","f48d63fb-361c-4616-8565-4951de827682","20081009T05:11:37.000+0000","3018fb54-f2ed-440e-89e8-01deba813e88","20100727T00:03:17.157+0000","0c3375ef-e5fd-4054-a526-1f1b1a34c5e6","3018fb54-f2ed-440e-89e8-01deba813e88","","","","","","","","","","","","","","",""
"","37112003","longibarbatus","Stomias longibarbatus (Brauer, 1902)","STOMIIDAE","Stomias","","longibarbatus","","Valid Name","","Species","","Brauer","1902","N","ad45d869-2dc2-4b05-bd5d-2a2e69a1220c","20081009T05:11:37.000+0000","044fd7a8-576b-4874-b694-c112524d4e60","20100727T00:03:17.157+0000","0c3375ef-e5fd-4054-a526-1f1b1a34c5e6","044fd7a8-576b-4874-b694-c112524d4e60","","","","","","","","","","","","","","",""
"","37122059","evermanni","Symbolophorus evermanni (Gilbert, 1905)","MYCTOPHIDAE","Symbolophorus","","evermanni","","Valid Name","","Species","","Gilbert","1905","N","13fb342e-025d-482d-91ec-d88c0cba5b54","20081009T05:11:37.000+0000","40369825-64b8-4731-92c3-23599c446cee","20100727T00:07:22.682+0000","5e2c9070-faea-4139-b5a9-b05f3df0af4c","40369825-64b8-4731-92c3-23599c446cee","","","","","","","","","","","","","","",""
"","37070003","affinis","Synaphobranchus affinis Günther, 1877","SYNAPHOBRANCHIDAE","Synaphobranchus","","affinis","","Valid Name","","Species","","Günther","1877","Y","c826d309-4bac-4870-80b0-f98e00345039","20181001T10:46:23.658+0000","c343b968-7f25-4f96-9947-677d015fdd19","20190305T04:57:36.559+0000","16e833a8-62f3-43de-b36c-b91b1445eff3","c343b968-7f25-4f96-9947-677d015fdd19","","","","","","","","","","","","","","",""
"","37070009","oregoni","Synaphobranchus oregoni Castle, 1960","SYNAPHOBRANCHIDAE","Synaphobranchus","","oregoni","","Valid Name","","Species","","Castle","1960","Y","6f82b5ff-9737-4fde-be13-212222858db6","20180811T06:06:32.506+0000","cbe1fc08-bb7e-4d2a-ae17-4330fa16a1fe","20190305T04:57:36.559+0000","16e833a8-62f3-43de-b36c-b91b1445eff3","cbe1fc08-bb7e-4d2a-ae17-4330fa16a1fe","","","","","","","","","","","","","","",""
"","37444007","angustirostris","Tetrapturus angustirostris Tanaka, 1915","ISTIOPHORIDAE","Tetrapturus","","angustirostris","","Valid Name","","Species","","Tanaka","1915","Y","53c71206-b585-4f51-9c29-e1f86025803c","20131008T23:07:52.756+0000","a3754644-f7ab-4a7e-9744-54b83f11c8b2","20131008T23:07:52.756+0000","f1ad2222-b22a-4cfa-afe7-c08bbbd85830","a3754644-f7ab-4a7e-9744-54b83f11c8b2","","","","","","","","","","","","","","",""
"","37441005","alalunga","Thunnus alalunga (Bonnaterre, 1788)","SCOMBRIDAE","Thunnus","","alalunga","","Valid Name","","Species","","Bonnaterre","1788","N","6b39df1a-af8d-4495-aa09-08f488a2eeb2","20131008T23:07:52.756+0000","819ac5a3-58da-4640-8645-a6a506bb356f","20140711T01:38:15.891+0000","9c2be46d-14bb-4fb7-bb12-6619f287506b","819ac5a3-58da-4640-8645-a6a506bb356f","","","","","","","","","","","","","","",""
"","37441002","albacares","Thunnus albacares (Bonnaterre, 1788)","SCOMBRIDAE","Thunnus","","albacares","","Valid Name","","Species","","Bonnaterre","1788","N","cd9db0a1-f6dd-4df0-90b0-7cd311dedc2a","20131008T23:07:52.756+0000","66b058dc-6951-47db-82c4-c45a1aae5b58","20140711T01:38:15.891+0000","9c2be46d-14bb-4fb7-bb12-6619f287506b","66b058dc-6951-47db-82c4-c45a1aae5b58","","","","","","","","","","","","","","",""
"","37441011","obesus","Thunnus obesus (Lowe, 1839)","SCOMBRIDAE","Thunnus","","obesus","","Valid Name","","Species","","Lowe","1839","N","c55642b6-308a-47be-a9bb-a51aa269d1ad","20131008T23:07:52.756+0000","bb936268-a1b5-4b95-b6c7-9582673de66d","20131008T23:07:52.756+0000","9c2be46d-14bb-4fb7-bb12-6619f287506b","bb936268-a1b5-4b95-b6c7-9582673de66d","","","","","","","","","","","","","","",""
"","37441026","orientalis","Thunnus orientalis (Temminck & Schlegel, 1844)","SCOMBRIDAE","Thunnus","","orientalis","","Valid Name","","Species","","Temminck & Schlegel","1844","N","d0bd7748-a13e-4ef5-8011-172a3a868ba4","20120508T07:21:29.054+0000","b35bf6d6-3b67-4d4c-b81e-b7ca7a64d341","20140211T23:25:58.471+0000","9c2be46d-14bb-4fb7-bb12-6619f287506b","b35bf6d6-3b67-4d4c-b81e-b7ca7a64d341","","","","","","","","","","","","","","",""
"","37441013","tonggol","Thunnus tonggol (Bleeker, 1851)","SCOMBRIDAE","Thunnus","","tonggol","","Valid Name","","Species","","Bleeker","1851","N","c156e891-1e07-4739-a384-6b176660b0bc","20131008T23:07:52.756+0000","80f5b526-290f-40ab-a35e-042393102df1","20131008T23:07:52.756+0000","9c2be46d-14bb-4fb7-bb12-6619f287506b","80f5b526-290f-40ab-a35e-042393102df1","","","","","","","","","","","","","","",""
"","37232076","gagates","Trachonurus gagates Iwamoto & McMillan, 1997","MACROURIDAE","Trachonurus","","gagates","","Valid Name","","Species","","Iwamoto & McMillan","1997","Y","1f9b8de2-1b43-474a-9a12-da7cf20c2dfb","20180516T06:25:43.423+0000","6aa4ad27-f9e5-4374-8b56-4b27fbd1ef52","20180731T05:42:43.637+0000","fe61d9d5-cde1-4ffd-bb31-9d94dd74c371","6aa4ad27-f9e5-4374-8b56-4b27fbd1ef52","","","","","","","","","","","","","","",""
"","37018038","obesus","Triaenodon obesus (Rüppell, 1837)","CARCHARHINIDAE","Triaenodon","","obesus","","Valid Name","","Species","","Rüppell","1837","N","e3415056-e596-4994-b700-2236f3d3ef81","20120628T06:12:23.689+0000","4607a949-73be-46cd-81e6-f4b72178edc9","20120816T06:34:32.507+0000","950610ad-dd10-4644-a66a-a0ba63f26307","4607a949-73be-46cd-81e6-f4b72178edc9","","","","","","","","","","","","","","",""
"","37122071","nigrescens","Triphoturus nigrescens (Brauer, 1904)","MYCTOPHIDAE","Triphoturus","","nigrescens","","Valid Name","","Species","","Brauer","1904","N","4346847c-12b8-44e1-afe5-df26d58f568f","20081009T05:11:37.000+0000","4d97ddfa-5f19-46df-919c-4182ad70fe1e","20100727T00:07:22.682+0000","900cfabc-ceca-4914-a2b5-ffcd9a81bc96","4d97ddfa-5f19-46df-919c-4182ad70fe1e","","","","","","","","","","","","","","",""
"","37038010","flavomosaicus","Urolophus flavomosaicus Last & Gomon, 1987","UROLOPHIDAE","Urolophus","","flavomosaicus","","Valid Name","","Species","","Last & Gomon","1987","Y","260ab4d3-88d6-44c0-974e-5852c2585b8f","20120413T06:03:26.061+0000","c2101440-ab57-4337-b1b2-fa4b614cb3d7","20140807T05:22:35.513+0000","45c77d03-cc96-4f71-b6b2-087569ba3fab","c2101440-ab57-4337-b1b2-fa4b614cb3d7","","","","","","","","","","","","","","",""
"","37038019","piperatus","Urolophus piperatus Séret & Last, 2003","UROLOPHIDAE","Urolophus","","piperatus","","Valid Name","","Species","","Séret & Last","2003","Y","f31e1a92-99ba-40d8-ba80-ef3fb040c697","20120413T06:14:13.473+0000","1fa3a101-4dfd-47c5-a9dd-801c60e27b86","20120416T05:24:25.862+0000","45c77d03-cc96-4f71-b6b2-087569ba3fab","1fa3a101-4dfd-47c5-a9dd-801c60e27b86","","","","","","","","","","","","","","",""
"","37232073","johnboborum","Ventrifossa johnboborum Iwamoto, 1982","MACROURIDAE","Ventrifossa","","johnboborum","","Valid Name","","Species","","Iwamoto","1982","Y","d1a56418-d816-4d6a-9a67-5d02347bbdc3","20180515T04:21:46.286+0000","7d2ddb4b-d9d9-4300-b182-865e1ac3bb47","20180731T05:42:43.637+0000","6f0ccc6f-bde9-4529-a75e-5b084e7093ae","7d2ddb4b-d9d9-4300-b182-865e1ac3bb47","","","","","","","","","","","","","","",""
"","37232074","nigrodorsalis","Ventrifossa nigrodorsalis Gilbert & Hubbs, 1920","MACROURIDAE","Ventrifossa","","nigrodorsalis","","Valid Name","","Species","","Gilbert & Hubbs","1920","Y","310d8869-ce60-44fc-97d7-1f66d5b7a17b","20180411T22:50:16.904+0000","82fa9d9a-3cba-47fe-972a-e076f202bed2","20180731T05:42:43.637+0000","6f0ccc6f-bde9-4529-a75e-5b084e7093ae","82fa9d9a-3cba-47fe-972a-e076f202bed2","","","","","","","","","","","","","","",""
"","37232096","paxtoni","Ventrifossa paxtoni Iwamoto & Williams, 1999","MACROURIDAE","Ventrifossa","","paxtoni","","Valid Name","","Species","","Iwamoto & Williams","1999","Y","117a49a6-9f69-4333-9933-65926ced4645","20180411T22:50:16.904+0000","0ebe218c-8abb-4179-b28d-76b773795c88","20180731T05:42:43.637+0000","6f0ccc6f-bde9-4529-a75e-5b084e7093ae","0ebe218c-8abb-4179-b28d-76b773795c88","","","","","","","","","","","","","","",""
"","37311053","anomalus","Verilus anomalus (Ogilby, 1896)","ACROPOMATIDAE","Verilus","","anomalus","","Valid Name","","Species","","Ogilby","1896","N","df625128-3769-4731-b3cf-39ec2f734928","20190126T05:55:54.686+0000","8461f747-14ed-4d45-aa86-ec0618d8cd36","20190201T00:12:16.832+0000","0cf678f8-f933-4b0f-843b-62e65a65e4e0","8461f747-14ed-4d45-aa86-ec0618d8cd36","","","","","","","","","","","","","","",""
"","37106006","nimbaria","Vinciguerria nimbaria (Jordan & Williams, 1896)","PHOSICHTHYIDAE","Vinciguerria","","nimbaria","","Valid Name","","Species","","Jordan & Williams","1896","N","4a173127-9b93-4165-b1e4-f94e38eb1581","20081009T05:11:37.000+0000","7bdc3cb7-5c70-413b-8116-937f57078607","20100727T00:03:17.157+0000","79d22370-34a7-4303-8974-ab774e81c3b8","7bdc3cb7-5c70-413b-8116-937f57078607","","","","","","","","","","","","","","",""
"","37265003","dalgleishi","Xenolepidichthys dalgleishi Gilchrist, 1922","GRAMMICOLEPIDIDAE","Xenolepidichthys","","dalgleishi","","Valid Name","","Species","","Gilchrist","1922","Y","4b1e0009-18b8-455d-9545-99ca89118465","20130506T03:18:41.768+0000","f2216748-bce1-41ac-9bf1-b3f0e1faf22e","20130506T04:26:12.282+0000","ebdcdb60-66be-4468-a657-4675488bb046","f2216748-bce1-41ac-9bf1-b3f0e1faf22e","","","","","","","","","","","","","","",""
"","37442001","gladius","Xiphias gladius Linnaeus, 1758","XIPHIIDAE","Xiphias","","gladius","","Valid Name","","Species","","Linnaeus","1758","Y","eb8d4c17-1e9e-45df-b941-75252048d6be","20131008T23:07:52.756+0000","d8c21d8c-584c-431d-aef4-f42812de096a","20131008T23:07:52.756+0000","b2b54782-d62c-47af-a137-2c3a6671aeb1","d8c21d8c-584c-431d-aef4-f42812de096a","","","","","","","","","","","","","","",""
"","37263001","japonicum","Zenion japonicum Kamohara, 1934","ZENIONTIDAE","Zenion","","japonicum","","Valid Name","","Species","","Kamohara","1934","Y","1d4ad9c9-8b90-4ddd-b168-aaf11aedfd6d","20130506T03:11:59.194+0000","2021608e-376e-48af-b86d-2326fbeb5d48","20130506T04:26:12.282+0000","6aceeaee-ef92-4410-b5b9-16f3d3d7ef52","2021608e-376e-48af-b86d-2326fbeb5d48","","","","","","","","","","","","","","",""
"","37264003","nebulosa","Zenopsis nebulosa (Temminck & Schlegel, 1845)","ZEIDAE","Zenopsis","","nebulosa","","Valid Name","","Species","","Temminck & Schlegel","1845","N","267b58c5-511b-4c93-9b9e-51ac76d64fb2","20130506T03:25:44.633+0000","4156f98a-c94a-43c0-9738-65eac5d9178c","20130506T04:26:12.282+0000","d37c2a74-e583-44a2-818b-d33743522728","4156f98a-c94a-43c0-9738-65eac5d9178c","","","","","","","","","","","","","","",""
